-25,3,TRIps8nJw6v4HepfZ7N+JejmEyE=,6QWWM/2lkbfLEOHobgok7/W9MhM=
-24,3,TRIps8nJw6v4HepfZ7N+JejmEyE=,/eRak2e//w+8ER91HDHEHhUGZlo=
-25,4,TRIps8nJw6v4HepfZ7N+JejmEyE=,ArXFhy1bi8Ll1pBntUKvzxTrKYw=
-24,4,TRIps8nJw6v4HepfZ7N+JejmEyE=,uC01l2SUCDjPKo8vlqme3nfClUM=
-23,4,TRIps8nJw6v4HepfZ7N+JejmEyE=,uC01l2SUCDjPKo8vlqme3nfClUM=
-22,4,TRIps8nJw6v4HepfZ7N+JejmEyE=,gboK5sjUGuKbghzs8iRq9r000UI=
-23,3,TRIps8nJw6v4HepfZ7N+JejmEyE=,/eRak2e//w+8ER91HDHEHhUGZlo=
-22,3,TRIps8nJw6v4HepfZ7N+JejmEyE=,qkoUGBDzUS2+GI4CSS1BbIejXuI=
-23,6,TRIps8nJw6v4HepfZ7N+JejmEyE=,jUAuZT5yo9AoM0fndTIEKspADCA=
-23,5,TRIps8nJw6v4HepfZ7N+JejmEyE=,uC01l2SUCDjPKo8vlqme3nfClUM=
-22,6,TRIps8nJw6v4HepfZ7N+JejmEyE=,M4nan2Zf0v+3TmNzPY++WiPtFH0=
-22,5,TRIps8nJw6v4HepfZ7N+JejmEyE=,gboK5sjUGuKbghzs8iRq9r000UI=
-24,6,TRIps8nJw6v4HepfZ7N+JejmEyE=,jUAuZT5yo9AoM0fndTIEKspADCA=
-25,6,TRIps8nJw6v4HepfZ7N+JejmEyE=,ta/BW7g6IX3w/diTfGNrNZcDuCY=
-24,5,TRIps8nJw6v4HepfZ7N+JejmEyE=,uC01l2SUCDjPKo8vlqme3nfClUM=
-25,5,TRIps8nJw6v4HepfZ7N+JejmEyE=,ArXFhy1bi8Ll1pBntUKvzxTrKYw=
-25,7,TRIps8nJw6v4HepfZ7N+JejmEyE=,ta/BW7g6IX3w/diTfGNrNZcDuCY=
-24,8,TRIps8nJw6v4HepfZ7N+JejmEyE=,w3Bp2g6P1Oaw2iPzMh4+Ta8rgEQ=
-24,7,TRIps8nJw6v4HepfZ7N+JejmEyE=,jUAuZT5yo9AoM0fndTIEKspADCA=
-25,8,TRIps8nJw6v4HepfZ7N+JejmEyE=,bIWq8SIhPdmHnKaQU37RrTnMgGk=
-24,9,1/T8m1TSlwISa8UUFy3BokBpewk=,w3Bp2g6P1Oaw2iPzMh4+Ta8rgEQ=
-25,9,1/T8m1TSlwISa8UUFy3BokBpewk=,bIWq8SIhPdmHnKaQU37RrTnMgGk=
-25,10,1/T8m1TSlwISa8UUFy3BokBpewk=,o8/zDpCBd5UKBkz3ULJC9UIyz7A=
-24,10,1/T8m1TSlwISa8UUFy3BokBpewk=,gQh1uVlERq6Gd0ZVfMke3mHiMmU=
-25,11,1/T8m1TSlwISa8UUFy3BokBpewk=,o8/zDpCBd5UKBkz3ULJC9UIyz7A=
-24,12,1/T8m1TSlwISa8UUFy3BokBpewk=,KiItiNk4soyOASQHvvrgxMFG/+s=
-25,12,1/T8m1TSlwISa8UUFy3BokBpewk=,B3hxIRo1usCYO5XRimwRJrjfxNY=
-24,11,1/T8m1TSlwISa8UUFy3BokBpewk=,gQh1uVlERq6Gd0ZVfMke3mHiMmU=
-27,13,1/T8m1TSlwISa8UUFy3BokBpewk=,r0gPdvkofDzz5yf6kQJhsNmGllk=
-27,14,1/T8m1TSlwISa8UUFy3BokBpewk=,T2p085rz7f6en1OrOvYpu6uCoJ4=
-26,14,1/T8m1TSlwISa8UUFy3BokBpewk=,vWgDTKCYZifAZySGcynplo3qcr4=
-26,13,1/T8m1TSlwISa8UUFy3BokBpewk=,B3hxIRo1usCYO5XRimwRJrjfxNY=
-27,11,1/T8m1TSlwISa8UUFy3BokBpewk=,0cHLjA/yjMWJGuFMkTdHab67Y3U=
-27,12,1/T8m1TSlwISa8UUFy3BokBpewk=,r0gPdvkofDzz5yf6kQJhsNmGllk=
-26,12,1/T8m1TSlwISa8UUFy3BokBpewk=,B3hxIRo1usCYO5XRimwRJrjfxNY=
-26,11,1/T8m1TSlwISa8UUFy3BokBpewk=,o8/zDpCBd5UKBkz3ULJC9UIyz7A=
-27,10,1/T8m1TSlwISa8UUFy3BokBpewk=,0cHLjA/yjMWJGuFMkTdHab67Y3U=
-27,9,1/T8m1TSlwISa8UUFy3BokBpewk=,4eHyJCGso5/Ocih6BFSqiau9xd8=
-26,10,1/T8m1TSlwISa8UUFy3BokBpewk=,o8/zDpCBd5UKBkz3ULJC9UIyz7A=
-26,9,1/T8m1TSlwISa8UUFy3BokBpewk=,bIWq8SIhPdmHnKaQU37RrTnMgGk=
-26,7,1/T8m1TSlwISa8UUFy3BokBpewk=,ta/BW7g6IX3w/diTfGNrNZcDuCY=
-27,7,1/T8m1TSlwISa8UUFy3BokBpewk=,RdE/P6xxQaMoCvlAeWwTbRi/W04=
-28,7,1/T8m1TSlwISa8UUFy3BokBpewk=,RdE/P6xxQaMoCvlAeWwTbRi/W04=
-27,8,1/T8m1TSlwISa8UUFy3BokBpewk=,4eHyJCGso5/Ocih6BFSqiau9xd8=
-26,8,1/T8m1TSlwISa8UUFy3BokBpewk=,bIWq8SIhPdmHnKaQU37RrTnMgGk=
-28,8,1/T8m1TSlwISa8UUFy3BokBpewk=,4eHyJCGso5/Ocih6BFSqiau9xd8=
-29,8,1/T8m1TSlwISa8UUFy3BokBpewk=,PbF8JgnU+Pe1TybJaSQOWs3UCQE=
-29,7,1/T8m1TSlwISa8UUFy3BokBpewk=,FmrJQJc36hEqq0RXq+ec2Y8RUmg=
-27,4,1/T8m1TSlwISa8UUFy3BokBpewk=,TVo+w5l1kKms6Lsdzk0fuSrmw2A=
-29,4,1/T8m1TSlwISa8UUFy3BokBpewk=,nYdtkxDtxvZnujr7B6tzzmNjxGA=
-27,3,1/T8m1TSlwISa8UUFy3BokBpewk=,sylP2Ui2UeBnzmE6p6nE7nOWoy0=
-26,5,1/T8m1TSlwISa8UUFy3BokBpewk=,ArXFhy1bi8Ll1pBntUKvzxTrKYw=
-27,5,1/T8m1TSlwISa8UUFy3BokBpewk=,TVo+w5l1kKms6Lsdzk0fuSrmw2A=
-28,5,1/T8m1TSlwISa8UUFy3BokBpewk=,TVo+w5l1kKms6Lsdzk0fuSrmw2A=
-26,3,1/T8m1TSlwISa8UUFy3BokBpewk=,6QWWM/2lkbfLEOHobgok7/W9MhM=
-26,4,1/T8m1TSlwISa8UUFy3BokBpewk=,ArXFhy1bi8Ll1pBntUKvzxTrKYw=
-26,6,1/T8m1TSlwISa8UUFy3BokBpewk=,ta/BW7g6IX3w/diTfGNrNZcDuCY=
-29,5,1/T8m1TSlwISa8UUFy3BokBpewk=,nYdtkxDtxvZnujr7B6tzzmNjxGA=
-28,4,1/T8m1TSlwISa8UUFy3BokBpewk=,TVo+w5l1kKms6Lsdzk0fuSrmw2A=
-29,3,1/T8m1TSlwISa8UUFy3BokBpewk=,Bg7c46GV9cWjKu+vTpFrW+C0apA=
-27,6,1/T8m1TSlwISa8UUFy3BokBpewk=,RdE/P6xxQaMoCvlAeWwTbRi/W04=
-28,3,1/T8m1TSlwISa8UUFy3BokBpewk=,sylP2Ui2UeBnzmE6p6nE7nOWoy0=
-29,6,1/T8m1TSlwISa8UUFy3BokBpewk=,FmrJQJc36hEqq0RXq+ec2Y8RUmg=
-28,6,1/T8m1TSlwISa8UUFy3BokBpewk=,RdE/P6xxQaMoCvlAeWwTbRi/W04=
-26,2,YP5kRh7v+fEXe7h+fw9RQYglqIo=,6QWWM/2lkbfLEOHobgok7/W9MhM=
-27,2,YP5kRh7v+fEXe7h+fw9RQYglqIo=,sylP2Ui2UeBnzmE6p6nE7nOWoy0=
-27,1,YP5kRh7v+fEXe7h+fw9RQYglqIo=,g/h7BFx3p2/CFnH5v2YQ6ylq1gA=
-26,1,YP5kRh7v+fEXe7h+fw9RQYglqIo=,rmQLdJLvJ8T7YX6Ze7EGCf02vPg=
-25,2,YP5kRh7v+fEXe7h+fw9RQYglqIo=,6QWWM/2lkbfLEOHobgok7/W9MhM=
-24,2,YP5kRh7v+fEXe7h+fw9RQYglqIo=,/eRak2e//w+8ER91HDHEHhUGZlo=
-23,2,YP5kRh7v+fEXe7h+fw9RQYglqIo=,/eRak2e//w+8ER91HDHEHhUGZlo=
-23,1,YP5kRh7v+fEXe7h+fw9RQYglqIo=,XxVH0dZFoE+laOJkba124XegGfY=
-24,1,YP5kRh7v+fEXe7h+fw9RQYglqIo=,XxVH0dZFoE+laOJkba124XegGfY=
-25,1,YP5kRh7v+fEXe7h+fw9RQYglqIo=,rmQLdJLvJ8T7YX6Ze7EGCf02vPg=
-22,1,YP5kRh7v+fEXe7h+fw9RQYglqIo=,IoloKGzRViwJX2mr3WH9N6VUAS4=
-22,2,YP5kRh7v+fEXe7h+fw9RQYglqIo=,qkoUGBDzUS2+GI4CSS1BbIejXuI=
-20,1,YP5kRh7v+fEXe7h+fw9RQYglqIo=,VdSY3kjpq7qnT12WqlPuldk24jg=
-20,2,YP5kRh7v+fEXe7h+fw9RQYglqIo=,xhLAUaV6j03AGE2Y/GgEh9SjLGc=
-21,1,YP5kRh7v+fEXe7h+fw9RQYglqIo=,IoloKGzRViwJX2mr3WH9N6VUAS4=
-21,2,YP5kRh7v+fEXe7h+fw9RQYglqIo=,qkoUGBDzUS2+GI4CSS1BbIejXuI=
-19,1,YP5kRh7v+fEXe7h+fw9RQYglqIo=,VdSY3kjpq7qnT12WqlPuldk24jg=
-18,1,YP5kRh7v+fEXe7h+fw9RQYglqIo=,sa94Nmk47fm0/8gnSbxEZ29R/IY=
-19,2,YP5kRh7v+fEXe7h+fw9RQYglqIo=,xhLAUaV6j03AGE2Y/GgEh9SjLGc=
-18,2,YP5kRh7v+fEXe7h+fw9RQYglqIo=,a7jMMfC4zpv2YJXltFuFve4IctE=
-21,3,YP5kRh7v+fEXe7h+fw9RQYglqIo=,qkoUGBDzUS2+GI4CSS1BbIejXuI=
-21,4,YP5kRh7v+fEXe7h+fw9RQYglqIo=,gboK5sjUGuKbghzs8iRq9r000UI=
-20,4,YP5kRh7v+fEXe7h+fw9RQYglqIo=,CmHSRyVuPq9zilv35CmwAqsKHeo=
-20,3,YP5kRh7v+fEXe7h+fw9RQYglqIo=,xhLAUaV6j03AGE2Y/GgEh9SjLGc=
-18,4,YP5kRh7v+fEXe7h+fw9RQYglqIo=,vr5vEU3xFD9HwpYo51uA5s1kJRE=
-18,3,YP5kRh7v+fEXe7h+fw9RQYglqIo=,a7jMMfC4zpv2YJXltFuFve4IctE=
-19,3,YP5kRh7v+fEXe7h+fw9RQYglqIo=,xhLAUaV6j03AGE2Y/GgEh9SjLGc=
-19,4,YP5kRh7v+fEXe7h+fw9RQYglqIo=,CmHSRyVuPq9zilv35CmwAqsKHeo=
-21,5,YP5kRh7v+fEXe7h+fw9RQYglqIo=,gboK5sjUGuKbghzs8iRq9r000UI=
-20,5,YP5kRh7v+fEXe7h+fw9RQYglqIo=,CmHSRyVuPq9zilv35CmwAqsKHeo=
-21,6,YP5kRh7v+fEXe7h+fw9RQYglqIo=,M4nan2Zf0v+3TmNzPY++WiPtFH0=
-20,6,YP5kRh7v+fEXe7h+fw9RQYglqIo=,H+ZM8/KeaaE4grOAh9u8ws/dlgs=
-19,5,YP5kRh7v+fEXe7h+fw9RQYglqIo=,CmHSRyVuPq9zilv35CmwAqsKHeo=
-18,5,YP5kRh7v+fEXe7h+fw9RQYglqIo=,vr5vEU3xFD9HwpYo51uA5s1kJRE=
-18,6,YP5kRh7v+fEXe7h+fw9RQYglqIo=,/Njo6HZDzCajIh4N69bIEYVtxe0=
-19,6,YP5kRh7v+fEXe7h+fw9RQYglqIo=,H+ZM8/KeaaE4grOAh9u8ws/dlgs=
-18,8,FW323U0C7ifEPr1TE6nkZOk7fMU=,geSJZ36hMuy2beuv7E7H74iEhbc=
-18,7,FW323U0C7ifEPr1TE6nkZOk7fMU=,/Njo6HZDzCajIh4N69bIEYVtxe0=
-19,8,FW323U0C7ifEPr1TE6nkZOk7fMU=,jL3NFBmO4OtDNYRwYL/hOMEgpu8=
-19,7,FW323U0C7ifEPr1TE6nkZOk7fMU=,H+ZM8/KeaaE4grOAh9u8ws/dlgs=
-19,10,FW323U0C7ifEPr1TE6nkZOk7fMU=,j+XHau0PuZOqimpkdaINvxoiFxQ=
-18,10,FW323U0C7ifEPr1TE6nkZOk7fMU=,cV2essUfzLBqZq/Hyw7gNPpvc7I=
-18,9,FW323U0C7ifEPr1TE6nkZOk7fMU=,geSJZ36hMuy2beuv7E7H74iEhbc=
-19,9,FW323U0C7ifEPr1TE6nkZOk7fMU=,jL3NFBmO4OtDNYRwYL/hOMEgpu8=
-18,12,FW323U0C7ifEPr1TE6nkZOk7fMU=,GJvnnrjdeH9p1unruL2WT+VWbvw=
-18,11,FW323U0C7ifEPr1TE6nkZOk7fMU=,cV2essUfzLBqZq/Hyw7gNPpvc7I=
-19,12,FW323U0C7ifEPr1TE6nkZOk7fMU=,UwwLbNE5cY/nyjg1b8+IFUy2x7k=
-19,11,FW323U0C7ifEPr1TE6nkZOk7fMU=,j+XHau0PuZOqimpkdaINvxoiFxQ=
-21,13,FW323U0C7ifEPr1TE6nkZOk7fMU=,JlGx5Xh/5fU616KfxSLpRzQdV0Y=
-20,13,FW323U0C7ifEPr1TE6nkZOk7fMU=,UwwLbNE5cY/nyjg1b8+IFUy2x7k=
-21,14,FW323U0C7ifEPr1TE6nkZOk7fMU=,9jBiBJhHLKoMS1iOafFDQ/7aSps=
-20,14,FW323U0C7ifEPr1TE6nkZOk7fMU=,ERjYFIG2/pwr/UPVqT3D+dwBF2s=
-17,12,FW323U0C7ifEPr1TE6nkZOk7fMU=,GJvnnrjdeH9p1unruL2WT+VWbvw=
-17,11,FW323U0C7ifEPr1TE6nkZOk7fMU=,cV2essUfzLBqZq/Hyw7gNPpvc7I=
-20,12,FW323U0C7ifEPr1TE6nkZOk7fMU=,UwwLbNE5cY/nyjg1b8+IFUy2x7k=
-21,12,FW323U0C7ifEPr1TE6nkZOk7fMU=,JlGx5Xh/5fU616KfxSLpRzQdV0Y=
-21,11,FW323U0C7ifEPr1TE6nkZOk7fMU=,oGRZWibIVRe00/4X6emBwSLoAxo=
-23,11,FW323U0C7ifEPr1TE6nkZOk7fMU=,gQh1uVlERq6Gd0ZVfMke3mHiMmU=
-22,11,FW323U0C7ifEPr1TE6nkZOk7fMU=,oGRZWibIVRe00/4X6emBwSLoAxo=
-23,12,FW323U0C7ifEPr1TE6nkZOk7fMU=,KiItiNk4soyOASQHvvrgxMFG/+s=
-20,11,FW323U0C7ifEPr1TE6nkZOk7fMU=,j+XHau0PuZOqimpkdaINvxoiFxQ=
-22,12,FW323U0C7ifEPr1TE6nkZOk7fMU=,JlGx5Xh/5fU616KfxSLpRzQdV0Y=
-18,15,FW323U0C7ifEPr1TE6nkZOk7fMU=,g4sjYmO90JgCm34LrzzUcBXe+VI=
-17,14,FW323U0C7ifEPr1TE6nkZOk7fMU=,g4sjYmO90JgCm34LrzzUcBXe+VI=
-17,10,FW323U0C7ifEPr1TE6nkZOk7fMU=,cV2essUfzLBqZq/Hyw7gNPpvc7I=
-17,9,FW323U0C7ifEPr1TE6nkZOk7fMU=,geSJZ36hMuy2beuv7E7H74iEhbc=
-17,13,FW323U0C7ifEPr1TE6nkZOk7fMU=,GJvnnrjdeH9p1unruL2WT+VWbvw=
-19,15,FW323U0C7ifEPr1TE6nkZOk7fMU=,ERjYFIG2/pwr/UPVqT3D+dwBF2s=
-18,14,FW323U0C7ifEPr1TE6nkZOk7fMU=,g4sjYmO90JgCm34LrzzUcBXe+VI=
-19,13,FW323U0C7ifEPr1TE6nkZOk7fMU=,UwwLbNE5cY/nyjg1b8+IFUy2x7k=
-18,13,FW323U0C7ifEPr1TE6nkZOk7fMU=,GJvnnrjdeH9p1unruL2WT+VWbvw=
-19,14,FW323U0C7ifEPr1TE6nkZOk7fMU=,ERjYFIG2/pwr/UPVqT3D+dwBF2s=
-17,8,FW323U0C7ifEPr1TE6nkZOk7fMU=,geSJZ36hMuy2beuv7E7H74iEhbc=
-17,7,FW323U0C7ifEPr1TE6nkZOk7fMU=,/Njo6HZDzCajIh4N69bIEYVtxe0=
-17,4,FW323U0C7ifEPr1TE6nkZOk7fMU=,vr5vEU3xFD9HwpYo51uA5s1kJRE=
-17,3,FW323U0C7ifEPr1TE6nkZOk7fMU=,a7jMMfC4zpv2YJXltFuFve4IctE=
-17,5,FW323U0C7ifEPr1TE6nkZOk7fMU=,vr5vEU3xFD9HwpYo51uA5s1kJRE=
-17,1,FW323U0C7ifEPr1TE6nkZOk7fMU=,sa94Nmk47fm0/8gnSbxEZ29R/IY=
-17,6,FW323U0C7ifEPr1TE6nkZOk7fMU=,/Njo6HZDzCajIh4N69bIEYVtxe0=
-17,2,FW323U0C7ifEPr1TE6nkZOk7fMU=,a7jMMfC4zpv2YJXltFuFve4IctE=
-18,0,FW323U0C7ifEPr1TE6nkZOk7fMU=,sa94Nmk47fm0/8gnSbxEZ29R/IY=
-19,0,FW323U0C7ifEPr1TE6nkZOk7fMU=,VdSY3kjpq7qnT12WqlPuldk24jg=
-20,0,FW323U0C7ifEPr1TE6nkZOk7fMU=,VdSY3kjpq7qnT12WqlPuldk24jg=
-21,9,FW323U0C7ifEPr1TE6nkZOk7fMU=,UGbEoBcSCweSEb+V1BbT1OO+P3Y=
-23,7,FW323U0C7ifEPr1TE6nkZOk7fMU=,jUAuZT5yo9AoM0fndTIEKspADCA=
-22,9,FW323U0C7ifEPr1TE6nkZOk7fMU=,UGbEoBcSCweSEb+V1BbT1OO+P3Y=
-23,9,FW323U0C7ifEPr1TE6nkZOk7fMU=,w3Bp2g6P1Oaw2iPzMh4+Ta8rgEQ=
-22,8,FW323U0C7ifEPr1TE6nkZOk7fMU=,UGbEoBcSCweSEb+V1BbT1OO+P3Y=
-21,0,FW323U0C7ifEPr1TE6nkZOk7fMU=,IoloKGzRViwJX2mr3WH9N6VUAS4=
-21,8,FW323U0C7ifEPr1TE6nkZOk7fMU=,UGbEoBcSCweSEb+V1BbT1OO+P3Y=
-22,0,FW323U0C7ifEPr1TE6nkZOk7fMU=,IoloKGzRViwJX2mr3WH9N6VUAS4=
-22,7,FW323U0C7ifEPr1TE6nkZOk7fMU=,M4nan2Zf0v+3TmNzPY++WiPtFH0=
-21,7,FW323U0C7ifEPr1TE6nkZOk7fMU=,M4nan2Zf0v+3TmNzPY++WiPtFH0=
-20,7,FW323U0C7ifEPr1TE6nkZOk7fMU=,H+ZM8/KeaaE4grOAh9u8ws/dlgs=
-23,10,FW323U0C7ifEPr1TE6nkZOk7fMU=,gQh1uVlERq6Gd0ZVfMke3mHiMmU=
-23,8,FW323U0C7ifEPr1TE6nkZOk7fMU=,w3Bp2g6P1Oaw2iPzMh4+Ta8rgEQ=
-20,10,FW323U0C7ifEPr1TE6nkZOk7fMU=,j+XHau0PuZOqimpkdaINvxoiFxQ=
-23,0,FW323U0C7ifEPr1TE6nkZOk7fMU=,XxVH0dZFoE+laOJkba124XegGfY=
-24,0,FW323U0C7ifEPr1TE6nkZOk7fMU=,XxVH0dZFoE+laOJkba124XegGfY=
-20,9,FW323U0C7ifEPr1TE6nkZOk7fMU=,jL3NFBmO4OtDNYRwYL/hOMEgpu8=
-25,0,FW323U0C7ifEPr1TE6nkZOk7fMU=,rmQLdJLvJ8T7YX6Ze7EGCf02vPg=
-21,10,FW323U0C7ifEPr1TE6nkZOk7fMU=,oGRZWibIVRe00/4X6emBwSLoAxo=
-22,10,FW323U0C7ifEPr1TE6nkZOk7fMU=,oGRZWibIVRe00/4X6emBwSLoAxo=
-20,8,FW323U0C7ifEPr1TE6nkZOk7fMU=,jL3NFBmO4OtDNYRwYL/hOMEgpu8=
-26,0,FW323U0C7ifEPr1TE6nkZOk7fMU=,rmQLdJLvJ8T7YX6Ze7EGCf02vPg=
-27,0,FW323U0C7ifEPr1TE6nkZOk7fMU=,g/h7BFx3p2/CFnH5v2YQ6ylq1gA=
-26,15,FW323U0C7ifEPr1TE6nkZOk7fMU=,vWgDTKCYZifAZySGcynplo3qcr4=
-27,15,FW323U0C7ifEPr1TE6nkZOk7fMU=,T2p085rz7f6en1OrOvYpu6uCoJ4=
-20,15,FW323U0C7ifEPr1TE6nkZOk7fMU=,ERjYFIG2/pwr/UPVqT3D+dwBF2s=
-21,15,FW323U0C7ifEPr1TE6nkZOk7fMU=,9jBiBJhHLKoMS1iOafFDQ/7aSps=
-28,2,FW323U0C7ifEPr1TE6nkZOk7fMU=,sylP2Ui2UeBnzmE6p6nE7nOWoy0=
-28,1,FW323U0C7ifEPr1TE6nkZOk7fMU=,g/h7BFx3p2/CFnH5v2YQ6ylq1gA=
-29,1,FW323U0C7ifEPr1TE6nkZOk7fMU=,Mu41vmvVVl8Kyt/R0c3O+Y/+su8=
-28,0,FW323U0C7ifEPr1TE6nkZOk7fMU=,g/h7BFx3p2/CFnH5v2YQ6ylq1gA=
-29,2,FW323U0C7ifEPr1TE6nkZOk7fMU=,Bg7c46GV9cWjKu+vTpFrW+C0apA=
-29,0,FW323U0C7ifEPr1TE6nkZOk7fMU=,Mu41vmvVVl8Kyt/R0c3O+Y/+su8=
-28,13,FW323U0C7ifEPr1TE6nkZOk7fMU=,r0gPdvkofDzz5yf6kQJhsNmGllk=
-29,14,FW323U0C7ifEPr1TE6nkZOk7fMU=,KcJJ8Igb1LuZTPqgH282M6Bross=
-28,15,FW323U0C7ifEPr1TE6nkZOk7fMU=,T2p085rz7f6en1OrOvYpu6uCoJ4=
-29,15,FW323U0C7ifEPr1TE6nkZOk7fMU=,KcJJ8Igb1LuZTPqgH282M6Bross=
-29,13,FW323U0C7ifEPr1TE6nkZOk7fMU=,kXjY6SIaBJ7rFPWHmt5TycHCARw=
-28,14,FW323U0C7ifEPr1TE6nkZOk7fMU=,T2p085rz7f6en1OrOvYpu6uCoJ4=
-17,0,FW323U0C7ifEPr1TE6nkZOk7fMU=,sa94Nmk47fm0/8gnSbxEZ29R/IY=
-17,15,FW323U0C7ifEPr1TE6nkZOk7fMU=,g4sjYmO90JgCm34LrzzUcBXe+VI=
-29,12,FW323U0C7ifEPr1TE6nkZOk7fMU=,kXjY6SIaBJ7rFPWHmt5TycHCARw=
-29,11,FW323U0C7ifEPr1TE6nkZOk7fMU=,yoGkaXyLqO3JruE46vJP79x3h5o=
-28,12,FW323U0C7ifEPr1TE6nkZOk7fMU=,r0gPdvkofDzz5yf6kQJhsNmGllk=
-29,10,FW323U0C7ifEPr1TE6nkZOk7fMU=,yoGkaXyLqO3JruE46vJP79x3h5o=
-28,11,FW323U0C7ifEPr1TE6nkZOk7fMU=,0cHLjA/yjMWJGuFMkTdHab67Y3U=
-28,10,FW323U0C7ifEPr1TE6nkZOk7fMU=,0cHLjA/yjMWJGuFMkTdHab67Y3U=
-29,9,FW323U0C7ifEPr1TE6nkZOk7fMU=,PbF8JgnU+Pe1TybJaSQOWs3UCQE=
-28,9,FW323U0C7ifEPr1TE6nkZOk7fMU=,4eHyJCGso5/Ocih6BFSqiau9xd8=
-25,15,twleYiXrB7RWIv9P0nlLKRQeLfk=,vWgDTKCYZifAZySGcynplo3qcr4=
-25,14,twleYiXrB7RWIv9P0nlLKRQeLfk=,vWgDTKCYZifAZySGcynplo3qcr4=
-25,13,twleYiXrB7RWIv9P0nlLKRQeLfk=,B3hxIRo1usCYO5XRimwRJrjfxNY=
-24,15,twleYiXrB7RWIv9P0nlLKRQeLfk=,Yo3iQGH4j5De/lCIaVErDyl0Q8U=
-24,13,twleYiXrB7RWIv9P0nlLKRQeLfk=,KiItiNk4soyOASQHvvrgxMFG/+s=
-22,15,twleYiXrB7RWIv9P0nlLKRQeLfk=,9jBiBJhHLKoMS1iOafFDQ/7aSps=
-24,14,twleYiXrB7RWIv9P0nlLKRQeLfk=,Yo3iQGH4j5De/lCIaVErDyl0Q8U=
-22,14,twleYiXrB7RWIv9P0nlLKRQeLfk=,9jBiBJhHLKoMS1iOafFDQ/7aSps=
-23,13,twleYiXrB7RWIv9P0nlLKRQeLfk=,KiItiNk4soyOASQHvvrgxMFG/+s=
-23,15,twleYiXrB7RWIv9P0nlLKRQeLfk=,Yo3iQGH4j5De/lCIaVErDyl0Q8U=
-22,13,twleYiXrB7RWIv9P0nlLKRQeLfk=,JlGx5Xh/5fU616KfxSLpRzQdV0Y=
-23,14,twleYiXrB7RWIv9P0nlLKRQeLfk=,Yo3iQGH4j5De/lCIaVErDyl0Q8U=
-18,16,twleYiXrB7RWIv9P0nlLKRQeLfk=,XKFsNlcauFhgISUnP0DJ5xTJT80=
-21,16,twleYiXrB7RWIv9P0nlLKRQeLfk=,ybRE5ISuYqsqFL2ABXx2B2Pb2EM=
-20,16,twleYiXrB7RWIv9P0nlLKRQeLfk=,B3MeR8j9sVehk8HhATY1SCspQ5U=
-19,16,twleYiXrB7RWIv9P0nlLKRQeLfk=,B3MeR8j9sVehk8HhATY1SCspQ5U=
-23,16,twleYiXrB7RWIv9P0nlLKRQeLfk=,WAeoajXEHXbxvdwGa3QJnxe+ipA=
-17,16,twleYiXrB7RWIv9P0nlLKRQeLfk=,XKFsNlcauFhgISUnP0DJ5xTJT80=
-22,16,twleYiXrB7RWIv9P0nlLKRQeLfk=,ybRE5ISuYqsqFL2ABXx2B2Pb2EM=
-25,16,twleYiXrB7RWIv9P0nlLKRQeLfk=,wXEAmqXriRaUZGTXkwrwD1XEH9I=
-24,16,twleYiXrB7RWIv9P0nlLKRQeLfk=,WAeoajXEHXbxvdwGa3QJnxe+ipA=
-26,16,twleYiXrB7RWIv9P0nlLKRQeLfk=,wXEAmqXriRaUZGTXkwrwD1XEH9I=
-29,16,twleYiXrB7RWIv9P0nlLKRQeLfk=,vuE+IpZTQI7dai3Tt1sznjB3XBw=
-28,16,twleYiXrB7RWIv9P0nlLKRQeLfk=,c2tLgJyrD/wkgeSo6k0Nk0KLguI=
-27,16,twleYiXrB7RWIv9P0nlLKRQeLfk=,c2tLgJyrD/wkgeSo6k0Nk0KLguI=
-15,16,qVwzxC5M3G1BQ08HSwGTSOwRuTc=,ICZR5AbtYxJpeuuFq4GzYomTZSk=
-14,16,qVwzxC5M3G1BQ08HSwGTSOwRuTc=,lnZmTeMOrEjzF6EtW6IvoneAwqo=
-12,16,qVwzxC5M3G1BQ08HSwGTSOwRuTc=,ioG2FO4fZZT3ARtgZav8eQrsCkU=
-13,16,qVwzxC5M3G1BQ08HSwGTSOwRuTc=,lnZmTeMOrEjzF6EtW6IvoneAwqo=
-10,16,qVwzxC5M3G1BQ08HSwGTSOwRuTc=,aN6jnOv7fDbi5I0LM8U+zCT7gKc=
-11,16,qVwzxC5M3G1BQ08HSwGTSOwRuTc=,ioG2FO4fZZT3ARtgZav8eQrsCkU=
-16,16,qVwzxC5M3G1BQ08HSwGTSOwRuTc=,ICZR5AbtYxJpeuuFq4GzYomTZSk=
-4,16,qVwzxC5M3G1BQ08HSwGTSOwRuTc=,rDg8M4lH+n6XrR59BbYl3TFaEOs=
-5,16,qVwzxC5M3G1BQ08HSwGTSOwRuTc=,fMySJEB0ET5idt874VAqB9TXyVY=
-9,16,qVwzxC5M3G1BQ08HSwGTSOwRuTc=,aN6jnOv7fDbi5I0LM8U+zCT7gKc=
-7,16,qVwzxC5M3G1BQ08HSwGTSOwRuTc=,Ew7bHo4qTvRBL4MPRb2pmTdgw+o=
-8,16,qVwzxC5M3G1BQ08HSwGTSOwRuTc=,Ew7bHo4qTvRBL4MPRb2pmTdgw+o=
-6,16,qVwzxC5M3G1BQ08HSwGTSOwRuTc=,fMySJEB0ET5idt874VAqB9TXyVY=
-2,16,qVwzxC5M3G1BQ08HSwGTSOwRuTc=,1BYW6WtoDSbAbXcZHVEecTg/ocQ=
-1,16,qVwzxC5M3G1BQ08HSwGTSOwRuTc=,1BYW6WtoDSbAbXcZHVEecTg/ocQ=
-3,16,qVwzxC5M3G1BQ08HSwGTSOwRuTc=,rDg8M4lH+n6XrR59BbYl3TFaEOs=
-2,2,+hFybRliu375U5BMcGMtPjiKIL4=,IVAC1mTWd5iJI0YoIhbejWMrwZ8=
-2,1,+hFybRliu375U5BMcGMtPjiKIL4=,QsJTToMhYV5pTlli4l+OOVP+8QE=
-3,2,+hFybRliu375U5BMcGMtPjiKIL4=,BeWbFeWtX8ZSnM3y3vFdtOVdDco=
-3,1,+hFybRliu375U5BMcGMtPjiKIL4=,6cTel3KyOUDGwRpdbQBVp/OD3Lg=
-2,4,+hFybRliu375U5BMcGMtPjiKIL4=,OVSaJHvoV8KwyOQJTk4h0usauKg=
-2,3,+hFybRliu375U5BMcGMtPjiKIL4=,IVAC1mTWd5iJI0YoIhbejWMrwZ8=
-3,4,+hFybRliu375U5BMcGMtPjiKIL4=,Wg1TcDNJKF+k9v6S6mloU1f4xks=
-3,3,+hFybRliu375U5BMcGMtPjiKIL4=,BeWbFeWtX8ZSnM3y3vFdtOVdDco=
-5,4,+hFybRliu375U5BMcGMtPjiKIL4=,Erl0OBIqXNc6S9veDxHOm20BUuI=
-5,3,+hFybRliu375U5BMcGMtPjiKIL4=,YWD4rBfDYG6DdkL30i+pXUxW7dU=
-4,4,+hFybRliu375U5BMcGMtPjiKIL4=,Wg1TcDNJKF+k9v6S6mloU1f4xks=
-4,3,+hFybRliu375U5BMcGMtPjiKIL4=,BeWbFeWtX8ZSnM3y3vFdtOVdDco=
-4,1,+hFybRliu375U5BMcGMtPjiKIL4=,6cTel3KyOUDGwRpdbQBVp/OD3Lg=
-5,2,+hFybRliu375U5BMcGMtPjiKIL4=,YWD4rBfDYG6DdkL30i+pXUxW7dU=
-5,1,+hFybRliu375U5BMcGMtPjiKIL4=,SRN6FkVdw9aJ+ZS1MuvpRv9prRA=
-4,2,+hFybRliu375U5BMcGMtPjiKIL4=,BeWbFeWtX8ZSnM3y3vFdtOVdDco=
-6,1,+hFybRliu375U5BMcGMtPjiKIL4=,SRN6FkVdw9aJ+ZS1MuvpRv9prRA=
-7,1,+hFybRliu375U5BMcGMtPjiKIL4=,iP1q0cWLb3SbUXGwO1jzObHgB3U=
-7,2,+hFybRliu375U5BMcGMtPjiKIL4=,yj1Tcj01dysMmAi3+fd8Qlj6LLE=
-6,2,+hFybRliu375U5BMcGMtPjiKIL4=,YWD4rBfDYG6DdkL30i+pXUxW7dU=
-6,4,+hFybRliu375U5BMcGMtPjiKIL4=,Erl0OBIqXNc6S9veDxHOm20BUuI=
-7,4,+hFybRliu375U5BMcGMtPjiKIL4=,Qz5Emj9jq4UUEBzOm8ReJbDGH8A=
-6,3,+hFybRliu375U5BMcGMtPjiKIL4=,YWD4rBfDYG6DdkL30i+pXUxW7dU=
-7,3,+hFybRliu375U5BMcGMtPjiKIL4=,yj1Tcj01dysMmAi3+fd8Qlj6LLE=
-9,3,+hFybRliu375U5BMcGMtPjiKIL4=,SWpuhliYQmaVxvkzgw+RaEpV8AU=
-8,4,+hFybRliu375U5BMcGMtPjiKIL4=,Qz5Emj9jq4UUEBzOm8ReJbDGH8A=
-8,3,+hFybRliu375U5BMcGMtPjiKIL4=,yj1Tcj01dysMmAi3+fd8Qlj6LLE=
-9,4,+hFybRliu375U5BMcGMtPjiKIL4=,/MADZIho7/g3rmYp+HhnzA7eWtg=
-9,1,+hFybRliu375U5BMcGMtPjiKIL4=,wuWNawlz/AQzTfz4UuhtP8HCXZE=
-8,2,+hFybRliu375U5BMcGMtPjiKIL4=,yj1Tcj01dysMmAi3+fd8Qlj6LLE=
-9,2,+hFybRliu375U5BMcGMtPjiKIL4=,SWpuhliYQmaVxvkzgw+RaEpV8AU=
-8,1,+hFybRliu375U5BMcGMtPjiKIL4=,iP1q0cWLb3SbUXGwO1jzObHgB3U=
-10,3,+bQFLIzZW/mBDGE6Yve7Bim8VlY=,SWpuhliYQmaVxvkzgw+RaEpV8AU=
-10,4,+bQFLIzZW/mBDGE6Yve7Bim8VlY=,/MADZIho7/g3rmYp+HhnzA7eWtg=
-11,3,+bQFLIzZW/mBDGE6Yve7Bim8VlY=,e1Uzmbjr/FSjfGsjgTnEjl7/mAY=
-11,4,+bQFLIzZW/mBDGE6Yve7Bim8VlY=,NhcJfRHt3Wema9owj6a8rdDmQ6Y=
-10,1,+bQFLIzZW/mBDGE6Yve7Bim8VlY=,wuWNawlz/AQzTfz4UuhtP8HCXZE=
-10,2,+bQFLIzZW/mBDGE6Yve7Bim8VlY=,SWpuhliYQmaVxvkzgw+RaEpV8AU=
-11,1,+bQFLIzZW/mBDGE6Yve7Bim8VlY=,oCj9Tq0Vlr6cY/PREk5i8oa1i9M=
-11,2,+bQFLIzZW/mBDGE6Yve7Bim8VlY=,e1Uzmbjr/FSjfGsjgTnEjl7/mAY=
-11,6,+bQFLIzZW/mBDGE6Yve7Bim8VlY=,9x064NHzraO5X9gKjN9BAjw4lhU=
-10,6,+bQFLIzZW/mBDGE6Yve7Bim8VlY=,6wgDZj8S2LCo5nMGKQGuYPFJieU=
-10,5,+bQFLIzZW/mBDGE6Yve7Bim8VlY=,/MADZIho7/g3rmYp+HhnzA7eWtg=
-11,5,+bQFLIzZW/mBDGE6Yve7Bim8VlY=,NhcJfRHt3Wema9owj6a8rdDmQ6Y=
-6,5,+bQFLIzZW/mBDGE6Yve7Bim8VlY=,Erl0OBIqXNc6S9veDxHOm20BUuI=
-8,5,+bQFLIzZW/mBDGE6Yve7Bim8VlY=,Qz5Emj9jq4UUEBzOm8ReJbDGH8A=
-6,6,+bQFLIzZW/mBDGE6Yve7Bim8VlY=,FrV08qZrCk6KYlYydghCUrGqnIE=
-9,5,+bQFLIzZW/mBDGE6Yve7Bim8VlY=,/MADZIho7/g3rmYp+HhnzA7eWtg=
-7,6,+bQFLIzZW/mBDGE6Yve7Bim8VlY=,etP/PUVt0d3nnJyzyT3KBcYWszw=
-7,5,+bQFLIzZW/mBDGE6Yve7Bim8VlY=,Qz5Emj9jq4UUEBzOm8ReJbDGH8A=
-8,6,+bQFLIzZW/mBDGE6Yve7Bim8VlY=,etP/PUVt0d3nnJyzyT3KBcYWszw=
-9,6,+bQFLIzZW/mBDGE6Yve7Bim8VlY=,6wgDZj8S2LCo5nMGKQGuYPFJieU=
-5,6,+bQFLIzZW/mBDGE6Yve7Bim8VlY=,FrV08qZrCk6KYlYydghCUrGqnIE=
-5,5,+bQFLIzZW/mBDGE6Yve7Bim8VlY=,Erl0OBIqXNc6S9veDxHOm20BUuI=
-4,5,+bQFLIzZW/mBDGE6Yve7Bim8VlY=,Wg1TcDNJKF+k9v6S6mloU1f4xks=
-4,6,+bQFLIzZW/mBDGE6Yve7Bim8VlY=,5WCBNlcxyaRVCwB9ItNKHy9p38Q=
-5,8,+bQFLIzZW/mBDGE6Yve7Bim8VlY=,Z209ezPLjxkrjefDFWTg3WH5SBk=
-4,8,+bQFLIzZW/mBDGE6Yve7Bim8VlY=,iiH9g6CcMHmfgkj/pT//2zVV5S8=
-5,7,+bQFLIzZW/mBDGE6Yve7Bim8VlY=,FrV08qZrCk6KYlYydghCUrGqnIE=
-4,7,+bQFLIzZW/mBDGE6Yve7Bim8VlY=,5WCBNlcxyaRVCwB9ItNKHy9p38Q=
-4,9,+bQFLIzZW/mBDGE6Yve7Bim8VlY=,iiH9g6CcMHmfgkj/pT//2zVV5S8=
-5,9,+bQFLIzZW/mBDGE6Yve7Bim8VlY=,Z209ezPLjxkrjefDFWTg3WH5SBk=
-4,10,+bQFLIzZW/mBDGE6Yve7Bim8VlY=,1VSbB0XgIt9aLbus6WsvCxo6EhA=
-5,10,+bQFLIzZW/mBDGE6Yve7Bim8VlY=,8Tmm3rWzS9EaprZea/KqX/5R0FY=
-6,8,XV1oi8m+gUAT89SsLX4CnwOdltk=,Z209ezPLjxkrjefDFWTg3WH5SBk=
-7,8,XV1oi8m+gUAT89SsLX4CnwOdltk=,IlUAlMiqIQFitf2QTLPIU9YW3zI=
-6,7,XV1oi8m+gUAT89SsLX4CnwOdltk=,FrV08qZrCk6KYlYydghCUrGqnIE=
-7,7,XV1oi8m+gUAT89SsLX4CnwOdltk=,etP/PUVt0d3nnJyzyT3KBcYWszw=
-4,12,XV1oi8m+gUAT89SsLX4CnwOdltk=,YRLrk8uBx+hA+Nq4wwJUnhRAvsQ=
-5,11,XV1oi8m+gUAT89SsLX4CnwOdltk=,8Tmm3rWzS9EaprZea/KqX/5R0FY=
-5,12,XV1oi8m+gUAT89SsLX4CnwOdltk=,7s4jdIVb9G7R3gE7bEAxBF2CA+w=
-4,11,XV1oi8m+gUAT89SsLX4CnwOdltk=,1VSbB0XgIt9aLbus6WsvCxo6EhA=
-7,9,XV1oi8m+gUAT89SsLX4CnwOdltk=,IlUAlMiqIQFitf2QTLPIU9YW3zI=
-6,9,XV1oi8m+gUAT89SsLX4CnwOdltk=,Z209ezPLjxkrjefDFWTg3WH5SBk=
-6,10,XV1oi8m+gUAT89SsLX4CnwOdltk=,8Tmm3rWzS9EaprZea/KqX/5R0FY=
-7,10,XV1oi8m+gUAT89SsLX4CnwOdltk=,Cbqa4uxeRZBuuxgAudfnWxGLVfM=
-6,12,XV1oi8m+gUAT89SsLX4CnwOdltk=,7s4jdIVb9G7R3gE7bEAxBF2CA+w=
-7,12,XV1oi8m+gUAT89SsLX4CnwOdltk=,9eO9NNxRK52bsnwe6KyDWirTxiM=
-6,11,XV1oi8m+gUAT89SsLX4CnwOdltk=,8Tmm3rWzS9EaprZea/KqX/5R0FY=
-7,11,XV1oi8m+gUAT89SsLX4CnwOdltk=,Cbqa4uxeRZBuuxgAudfnWxGLVfM=
-4,13,XV1oi8m+gUAT89SsLX4CnwOdltk=,YRLrk8uBx+hA+Nq4wwJUnhRAvsQ=
-5,13,XV1oi8m+gUAT89SsLX4CnwOdltk=,7s4jdIVb9G7R3gE7bEAxBF2CA+w=
-5,14,XV1oi8m+gUAT89SsLX4CnwOdltk=,s65x/GGQCMunvwJ/3z4JoCAs5aY=
-4,14,XV1oi8m+gUAT89SsLX4CnwOdltk=,S+UWxi/fvJ44idHKKH8XSthFTTI=
-7,14,XV1oi8m+gUAT89SsLX4CnwOdltk=,tBToT6U8QfjfNWxJnfk5hP8mXto=
-7,13,XV1oi8m+gUAT89SsLX4CnwOdltk=,9eO9NNxRK52bsnwe6KyDWirTxiM=
-6,14,XV1oi8m+gUAT89SsLX4CnwOdltk=,s65x/GGQCMunvwJ/3z4JoCAs5aY=
-6,13,XV1oi8m+gUAT89SsLX4CnwOdltk=,7s4jdIVb9G7R3gE7bEAxBF2CA+w=
-8,14,XV1oi8m+gUAT89SsLX4CnwOdltk=,tBToT6U8QfjfNWxJnfk5hP8mXto=
-9,14,XV1oi8m+gUAT89SsLX4CnwOdltk=,ygOrh1KW3KE6HGjSnwAufofSYPc=
-9,13,XV1oi8m+gUAT89SsLX4CnwOdltk=,Va0qeCy9TsGnvTBS7TqOKvcKtAE=
-8,13,XV1oi8m+gUAT89SsLX4CnwOdltk=,9eO9NNxRK52bsnwe6KyDWirTxiM=
-10,14,GA9KzAfSPIx019In7VOd/OcqPo4=,ygOrh1KW3KE6HGjSnwAufofSYPc=
-11,14,GA9KzAfSPIx019In7VOd/OcqPo4=,jIFNrq8F/0hIDBbGInkXdJcaaWY=
-11,13,GA9KzAfSPIx019In7VOd/OcqPo4=,QCvK7QmDUQ8Z1O0ehxdw0JZ9SsA=
-10,13,GA9KzAfSPIx019In7VOd/OcqPo4=,Va0qeCy9TsGnvTBS7TqOKvcKtAE=
-13,14,GA9KzAfSPIx019In7VOd/OcqPo4=,BHQ7Q5taw2mz/9wNtjAXvnoJr2s=
-12,14,GA9KzAfSPIx019In7VOd/OcqPo4=,jIFNrq8F/0hIDBbGInkXdJcaaWY=
-13,13,GA9KzAfSPIx019In7VOd/OcqPo4=,KkW70yRuwaDCSjMSbLOinR22pjg=
-12,13,GA9KzAfSPIx019In7VOd/OcqPo4=,QCvK7QmDUQ8Z1O0ehxdw0JZ9SsA=
-13,11,GA9KzAfSPIx019In7VOd/OcqPo4=,oGvx6Jav9jWW6X3+gDqYu3krQig=
-13,12,GA9KzAfSPIx019In7VOd/OcqPo4=,KkW70yRuwaDCSjMSbLOinR22pjg=
-12,12,GA9KzAfSPIx019In7VOd/OcqPo4=,QCvK7QmDUQ8Z1O0ehxdw0JZ9SsA=
-12,11,GA9KzAfSPIx019In7VOd/OcqPo4=,7nV4PvGlhnOFoz+P+r/FWGZ8twE=
-12,7,GA9KzAfSPIx019In7VOd/OcqPo4=,9x064NHzraO5X9gKjN9BAjw4lhU=
-12,10,GA9KzAfSPIx019In7VOd/OcqPo4=,7nV4PvGlhnOFoz+P+r/FWGZ8twE=
-13,9,GA9KzAfSPIx019In7VOd/OcqPo4=,/ChCOVsjewVH1mmOt+PIXJeVU4g=
-13,7,GA9KzAfSPIx019In7VOd/OcqPo4=,rYGfbHO0Jgkecc2YFL7W7H/Ckic=
-13,8,GA9KzAfSPIx019In7VOd/OcqPo4=,/ChCOVsjewVH1mmOt+PIXJeVU4g=
-13,10,GA9KzAfSPIx019In7VOd/OcqPo4=,oGvx6Jav9jWW6X3+gDqYu3krQig=
-12,8,GA9KzAfSPIx019In7VOd/OcqPo4=,m719iAxz41OjUScoICi7N0NS4e0=
-12,9,GA9KzAfSPIx019In7VOd/OcqPo4=,m719iAxz41OjUScoICi7N0NS4e0=
-12,6,GA9KzAfSPIx019In7VOd/OcqPo4=,9x064NHzraO5X9gKjN9BAjw4lhU=
-13,6,GA9KzAfSPIx019In7VOd/OcqPo4=,rYGfbHO0Jgkecc2YFL7W7H/Ckic=
-12,5,GA9KzAfSPIx019In7VOd/OcqPo4=,NhcJfRHt3Wema9owj6a8rdDmQ6Y=
-13,5,GA9KzAfSPIx019In7VOd/OcqPo4=,l/z7vl1H7ohw5V2K+f8CgMCGW3M=
-15,5,GA9KzAfSPIx019In7VOd/OcqPo4=,eNOfS/stoMVDHGvcWn/M4gmvjzM=
-14,5,GA9KzAfSPIx019In7VOd/OcqPo4=,l/z7vl1H7ohw5V2K+f8CgMCGW3M=
-14,6,GA9KzAfSPIx019In7VOd/OcqPo4=,rYGfbHO0Jgkecc2YFL7W7H/Ckic=
-15,6,GA9KzAfSPIx019In7VOd/OcqPo4=,be+OJ4K3j6ZY1NVRzFHXmqLjrwY=
-13,3,GA9KzAfSPIx019In7VOd/OcqPo4=,gErvjVKcSlgboxjOX0jsiexDE6U=
-13,4,GA9KzAfSPIx019In7VOd/OcqPo4=,l/z7vl1H7ohw5V2K+f8CgMCGW3M=
-12,3,GA9KzAfSPIx019In7VOd/OcqPo4=,e1Uzmbjr/FSjfGsjgTnEjl7/mAY=
-12,4,GA9KzAfSPIx019In7VOd/OcqPo4=,NhcJfRHt3Wema9owj6a8rdDmQ6Y=
-14,3,GA9KzAfSPIx019In7VOd/OcqPo4=,gErvjVKcSlgboxjOX0jsiexDE6U=
-15,4,GA9KzAfSPIx019In7VOd/OcqPo4=,eNOfS/stoMVDHGvcWn/M4gmvjzM=
-15,3,GA9KzAfSPIx019In7VOd/OcqPo4=,sXfbBJOniwKGU8MhFmPvsGMALK4=
-14,4,GA9KzAfSPIx019In7VOd/OcqPo4=,l/z7vl1H7ohw5V2K+f8CgMCGW3M=
-13,0,GA9KzAfSPIx019In7VOd/OcqPo4=,wCWgKoeJA4U1eMp8/7Jk21s29Ac=
-13,1,GA9KzAfSPIx019In7VOd/OcqPo4=,wCWgKoeJA4U1eMp8/7Jk21s29Ac=
-12,0,GA9KzAfSPIx019In7VOd/OcqPo4=,oCj9Tq0Vlr6cY/PREk5i8oa1i9M=
-12,2,GA9KzAfSPIx019In7VOd/OcqPo4=,e1Uzmbjr/FSjfGsjgTnEjl7/mAY=
-13,2,GA9KzAfSPIx019In7VOd/OcqPo4=,gErvjVKcSlgboxjOX0jsiexDE6U=
-12,1,GA9KzAfSPIx019In7VOd/OcqPo4=,oCj9Tq0Vlr6cY/PREk5i8oa1i9M=
-11,0,GA9KzAfSPIx019In7VOd/OcqPo4=,oCj9Tq0Vlr6cY/PREk5i8oa1i9M=
-10,0,GA9KzAfSPIx019In7VOd/OcqPo4=,wuWNawlz/AQzTfz4UuhtP8HCXZE=
-9,0,GA9KzAfSPIx019In7VOd/OcqPo4=,wuWNawlz/AQzTfz4UuhtP8HCXZE=
-8,0,GA9KzAfSPIx019In7VOd/OcqPo4=,iP1q0cWLb3SbUXGwO1jzObHgB3U=
-6,0,GA9KzAfSPIx019In7VOd/OcqPo4=,SRN6FkVdw9aJ+ZS1MuvpRv9prRA=
-7,0,GA9KzAfSPIx019In7VOd/OcqPo4=,iP1q0cWLb3SbUXGwO1jzObHgB3U=
-16,1,GA9KzAfSPIx019In7VOd/OcqPo4=,jJx66bMc5FWnSztuZrMjIRc2aBU=
-14,0,GA9KzAfSPIx019In7VOd/OcqPo4=,wCWgKoeJA4U1eMp8/7Jk21s29Ac=
-14,2,GA9KzAfSPIx019In7VOd/OcqPo4=,gErvjVKcSlgboxjOX0jsiexDE6U=
-14,1,GA9KzAfSPIx019In7VOd/OcqPo4=,wCWgKoeJA4U1eMp8/7Jk21s29Ac=
-15,0,GA9KzAfSPIx019In7VOd/OcqPo4=,jJx66bMc5FWnSztuZrMjIRc2aBU=
-4,0,GA9KzAfSPIx019In7VOd/OcqPo4=,6cTel3KyOUDGwRpdbQBVp/OD3Lg=
-5,0,GA9KzAfSPIx019In7VOd/OcqPo4=,SRN6FkVdw9aJ+ZS1MuvpRv9prRA=
-15,2,GA9KzAfSPIx019In7VOd/OcqPo4=,sXfbBJOniwKGU8MhFmPvsGMALK4=
-15,1,GA9KzAfSPIx019In7VOd/OcqPo4=,jJx66bMc5FWnSztuZrMjIRc2aBU=
-16,2,GA9KzAfSPIx019In7VOd/OcqPo4=,sXfbBJOniwKGU8MhFmPvsGMALK4=
-2,0,GA9KzAfSPIx019In7VOd/OcqPo4=,QsJTToMhYV5pTlli4l+OOVP+8QE=
-3,0,GA9KzAfSPIx019In7VOd/OcqPo4=,6cTel3KyOUDGwRpdbQBVp/OD3Lg=
-1,2,GA9KzAfSPIx019In7VOd/OcqPo4=,IVAC1mTWd5iJI0YoIhbejWMrwZ8=
-1,1,GA9KzAfSPIx019In7VOd/OcqPo4=,QsJTToMhYV5pTlli4l+OOVP+8QE=
-1,4,GA9KzAfSPIx019In7VOd/OcqPo4=,OVSaJHvoV8KwyOQJTk4h0usauKg=
-1,3,GA9KzAfSPIx019In7VOd/OcqPo4=,IVAC1mTWd5iJI0YoIhbejWMrwZ8=
-3,8,HsR/oeYDUc0xOyEam+CfDh+FlH0=,iiH9g6CcMHmfgkj/pT//2zVV5S8=
-2,5,HsR/oeYDUc0xOyEam+CfDh+FlH0=,OVSaJHvoV8KwyOQJTk4h0usauKg=
-3,5,HsR/oeYDUc0xOyEam+CfDh+FlH0=,Wg1TcDNJKF+k9v6S6mloU1f4xks=
-3,7,HsR/oeYDUc0xOyEam+CfDh+FlH0=,5WCBNlcxyaRVCwB9ItNKHy9p38Q=
-1,5,HsR/oeYDUc0xOyEam+CfDh+FlH0=,OVSaJHvoV8KwyOQJTk4h0usauKg=
-1,7,HsR/oeYDUc0xOyEam+CfDh+FlH0=,Vd1ZKyxjivjwWC3ghwcEelAcpAU=
-1,6,HsR/oeYDUc0xOyEam+CfDh+FlH0=,Vd1ZKyxjivjwWC3ghwcEelAcpAU=
-3,6,HsR/oeYDUc0xOyEam+CfDh+FlH0=,5WCBNlcxyaRVCwB9ItNKHy9p38Q=
-2,8,HsR/oeYDUc0xOyEam+CfDh+FlH0=,ZPKMApckNqqzf2Nma96/1IeZOhg=
-2,7,HsR/oeYDUc0xOyEam+CfDh+FlH0=,Vd1ZKyxjivjwWC3ghwcEelAcpAU=
-1,8,HsR/oeYDUc0xOyEam+CfDh+FlH0=,ZPKMApckNqqzf2Nma96/1IeZOhg=
-2,6,HsR/oeYDUc0xOyEam+CfDh+FlH0=,Vd1ZKyxjivjwWC3ghwcEelAcpAU=
-1,11,HsR/oeYDUc0xOyEam+CfDh+FlH0=,qIBt6tOXQPQAzzYW8M0XnTPzkAE=
-1,9,HsR/oeYDUc0xOyEam+CfDh+FlH0=,ZPKMApckNqqzf2Nma96/1IeZOhg=
-3,9,HsR/oeYDUc0xOyEam+CfDh+FlH0=,iiH9g6CcMHmfgkj/pT//2zVV5S8=
-3,10,HsR/oeYDUc0xOyEam+CfDh+FlH0=,1VSbB0XgIt9aLbus6WsvCxo6EhA=
-1,10,HsR/oeYDUc0xOyEam+CfDh+FlH0=,qIBt6tOXQPQAzzYW8M0XnTPzkAE=
-2,10,HsR/oeYDUc0xOyEam+CfDh+FlH0=,qIBt6tOXQPQAzzYW8M0XnTPzkAE=
-2,9,HsR/oeYDUc0xOyEam+CfDh+FlH0=,ZPKMApckNqqzf2Nma96/1IeZOhg=
-3,14,HsR/oeYDUc0xOyEam+CfDh+FlH0=,S+UWxi/fvJ44idHKKH8XSthFTTI=
-1,12,HsR/oeYDUc0xOyEam+CfDh+FlH0=,732wBQBNaqQAhRG5SBGmlFClEcM=
-3,13,HsR/oeYDUc0xOyEam+CfDh+FlH0=,YRLrk8uBx+hA+Nq4wwJUnhRAvsQ=
-2,13,HsR/oeYDUc0xOyEam+CfDh+FlH0=,732wBQBNaqQAhRG5SBGmlFClEcM=
-1,14,HsR/oeYDUc0xOyEam+CfDh+FlH0=,i8N3stkTRvcNGpwG/Nj/R0UxuyM=
-3,11,HsR/oeYDUc0xOyEam+CfDh+FlH0=,1VSbB0XgIt9aLbus6WsvCxo6EhA=
-1,13,HsR/oeYDUc0xOyEam+CfDh+FlH0=,732wBQBNaqQAhRG5SBGmlFClEcM=
-2,12,HsR/oeYDUc0xOyEam+CfDh+FlH0=,732wBQBNaqQAhRG5SBGmlFClEcM=
-2,14,HsR/oeYDUc0xOyEam+CfDh+FlH0=,i8N3stkTRvcNGpwG/Nj/R0UxuyM=
-2,11,HsR/oeYDUc0xOyEam+CfDh+FlH0=,qIBt6tOXQPQAzzYW8M0XnTPzkAE=
-3,15,HsR/oeYDUc0xOyEam+CfDh+FlH0=,S+UWxi/fvJ44idHKKH8XSthFTTI=
-2,15,HsR/oeYDUc0xOyEam+CfDh+FlH0=,i8N3stkTRvcNGpwG/Nj/R0UxuyM=
-3,12,HsR/oeYDUc0xOyEam+CfDh+FlH0=,YRLrk8uBx+hA+Nq4wwJUnhRAvsQ=
-4,15,HsR/oeYDUc0xOyEam+CfDh+FlH0=,S+UWxi/fvJ44idHKKH8XSthFTTI=
-5,15,HsR/oeYDUc0xOyEam+CfDh+FlH0=,s65x/GGQCMunvwJ/3z4JoCAs5aY=
-6,15,HsR/oeYDUc0xOyEam+CfDh+FlH0=,s65x/GGQCMunvwJ/3z4JoCAs5aY=
-7,15,HsR/oeYDUc0xOyEam+CfDh+FlH0=,tBToT6U8QfjfNWxJnfk5hP8mXto=
-13,15,HsR/oeYDUc0xOyEam+CfDh+FlH0=,BHQ7Q5taw2mz/9wNtjAXvnoJr2s=
-12,15,HsR/oeYDUc0xOyEam+CfDh+FlH0=,jIFNrq8F/0hIDBbGInkXdJcaaWY=
-11,15,HsR/oeYDUc0xOyEam+CfDh+FlH0=,jIFNrq8F/0hIDBbGInkXdJcaaWY=
-10,15,HsR/oeYDUc0xOyEam+CfDh+FlH0=,ygOrh1KW3KE6HGjSnwAufofSYPc=
-8,15,HsR/oeYDUc0xOyEam+CfDh+FlH0=,tBToT6U8QfjfNWxJnfk5hP8mXto=
-9,15,HsR/oeYDUc0xOyEam+CfDh+FlH0=,ygOrh1KW3KE6HGjSnwAufofSYPc=
-14,14,HsR/oeYDUc0xOyEam+CfDh+FlH0=,BHQ7Q5taw2mz/9wNtjAXvnoJr2s=
-15,14,HsR/oeYDUc0xOyEam+CfDh+FlH0=,YKqxpuQqzCw61R7/pDj0ToWcVNE=
-15,13,HsR/oeYDUc0xOyEam+CfDh+FlH0=,f5ASxQIlAATQDZArVQt8lCjJgaw=
-14,13,HsR/oeYDUc0xOyEam+CfDh+FlH0=,KkW70yRuwaDCSjMSbLOinR22pjg=
-14,11,HsR/oeYDUc0xOyEam+CfDh+FlH0=,oGvx6Jav9jWW6X3+gDqYu3krQig=
-14,12,HsR/oeYDUc0xOyEam+CfDh+FlH0=,KkW70yRuwaDCSjMSbLOinR22pjg=
-15,12,HsR/oeYDUc0xOyEam+CfDh+FlH0=,f5ASxQIlAATQDZArVQt8lCjJgaw=
-15,11,HsR/oeYDUc0xOyEam+CfDh+FlH0=,kj3OplrYkOdzYflYC9C9gRnymlA=
-16,12,HsR/oeYDUc0xOyEam+CfDh+FlH0=,f5ASxQIlAATQDZArVQt8lCjJgaw=
-15,10,HsR/oeYDUc0xOyEam+CfDh+FlH0=,kj3OplrYkOdzYflYC9C9gRnymlA=
-14,9,HsR/oeYDUc0xOyEam+CfDh+FlH0=,/ChCOVsjewVH1mmOt+PIXJeVU4g=
-15,8,HsR/oeYDUc0xOyEam+CfDh+FlH0=,TADuTgbBGlFxBbNJCoXiNlixF1A=
-15,9,HsR/oeYDUc0xOyEam+CfDh+FlH0=,TADuTgbBGlFxBbNJCoXiNlixF1A=
-15,7,HsR/oeYDUc0xOyEam+CfDh+FlH0=,be+OJ4K3j6ZY1NVRzFHXmqLjrwY=
-14,7,HsR/oeYDUc0xOyEam+CfDh+FlH0=,rYGfbHO0Jgkecc2YFL7W7H/Ckic=
-14,10,HsR/oeYDUc0xOyEam+CfDh+FlH0=,oGvx6Jav9jWW6X3+gDqYu3krQig=
-16,11,HsR/oeYDUc0xOyEam+CfDh+FlH0=,kj3OplrYkOdzYflYC9C9gRnymlA=
-14,8,HsR/oeYDUc0xOyEam+CfDh+FlH0=,/ChCOVsjewVH1mmOt+PIXJeVU4g=
-16,9,HsR/oeYDUc0xOyEam+CfDh+FlH0=,TADuTgbBGlFxBbNJCoXiNlixF1A=
-16,10,HsR/oeYDUc0xOyEam+CfDh+FlH0=,kj3OplrYkOdzYflYC9C9gRnymlA=
-16,8,HsR/oeYDUc0xOyEam+CfDh+FlH0=,TADuTgbBGlFxBbNJCoXiNlixF1A=
-16,7,HsR/oeYDUc0xOyEam+CfDh+FlH0=,be+OJ4K3j6ZY1NVRzFHXmqLjrwY=
-16,3,HsR/oeYDUc0xOyEam+CfDh+FlH0=,sXfbBJOniwKGU8MhFmPvsGMALK4=
-16,5,HsR/oeYDUc0xOyEam+CfDh+FlH0=,eNOfS/stoMVDHGvcWn/M4gmvjzM=
-16,4,HsR/oeYDUc0xOyEam+CfDh+FlH0=,eNOfS/stoMVDHGvcWn/M4gmvjzM=
-1,15,HsR/oeYDUc0xOyEam+CfDh+FlH0=,i8N3stkTRvcNGpwG/Nj/R0UxuyM=
-16,6,HsR/oeYDUc0xOyEam+CfDh+FlH0=,be+OJ4K3j6ZY1NVRzFHXmqLjrwY=
-14,15,HsR/oeYDUc0xOyEam+CfDh+FlH0=,BHQ7Q5taw2mz/9wNtjAXvnoJr2s=
-15,15,HsR/oeYDUc0xOyEam+CfDh+FlH0=,YKqxpuQqzCw61R7/pDj0ToWcVNE=
-16,14,HsR/oeYDUc0xOyEam+CfDh+FlH0=,YKqxpuQqzCw61R7/pDj0ToWcVNE=
-16,13,HsR/oeYDUc0xOyEam+CfDh+FlH0=,f5ASxQIlAATQDZArVQt8lCjJgaw=
-16,15,HsR/oeYDUc0xOyEam+CfDh+FlH0=,YKqxpuQqzCw61R7/pDj0ToWcVNE=
-16,0,HsR/oeYDUc0xOyEam+CfDh+FlH0=,jJx66bMc5FWnSztuZrMjIRc2aBU=
-1,0,HsR/oeYDUc0xOyEam+CfDh+FlH0=,QsJTToMhYV5pTlli4l+OOVP+8QE=
-8,8,HsR/oeYDUc0xOyEam+CfDh+FlH0=,IlUAlMiqIQFitf2QTLPIU9YW3zI=
-9,8,HsR/oeYDUc0xOyEam+CfDh+FlH0=,ASxaZO9Av49gBPq12xjP41HM17w=
-9,9,HsR/oeYDUc0xOyEam+CfDh+FlH0=,ASxaZO9Av49gBPq12xjP41HM17w=
-10,8,HsR/oeYDUc0xOyEam+CfDh+FlH0=,ASxaZO9Av49gBPq12xjP41HM17w=
-8,7,HsR/oeYDUc0xOyEam+CfDh+FlH0=,etP/PUVt0d3nnJyzyT3KBcYWszw=
-9,7,HsR/oeYDUc0xOyEam+CfDh+FlH0=,6wgDZj8S2LCo5nMGKQGuYPFJieU=
-10,7,HsR/oeYDUc0xOyEam+CfDh+FlH0=,6wgDZj8S2LCo5nMGKQGuYPFJieU=
-11,12,HsR/oeYDUc0xOyEam+CfDh+FlH0=,QCvK7QmDUQ8Z1O0ehxdw0JZ9SsA=
-11,7,HsR/oeYDUc0xOyEam+CfDh+FlH0=,9x064NHzraO5X9gKjN9BAjw4lhU=
-8,11,HsR/oeYDUc0xOyEam+CfDh+FlH0=,Cbqa4uxeRZBuuxgAudfnWxGLVfM=
-11,8,HsR/oeYDUc0xOyEam+CfDh+FlH0=,m719iAxz41OjUScoICi7N0NS4e0=
-9,11,HsR/oeYDUc0xOyEam+CfDh+FlH0=,4NxJ3gUYTHx1T5kszfRpJdjApm8=
-8,12,HsR/oeYDUc0xOyEam+CfDh+FlH0=,9eO9NNxRK52bsnwe6KyDWirTxiM=
-11,9,HsR/oeYDUc0xOyEam+CfDh+FlH0=,m719iAxz41OjUScoICi7N0NS4e0=
-10,11,HsR/oeYDUc0xOyEam+CfDh+FlH0=,4NxJ3gUYTHx1T5kszfRpJdjApm8=
-8,10,HsR/oeYDUc0xOyEam+CfDh+FlH0=,Cbqa4uxeRZBuuxgAudfnWxGLVfM=
-10,9,HsR/oeYDUc0xOyEam+CfDh+FlH0=,ASxaZO9Av49gBPq12xjP41HM17w=
-10,10,HsR/oeYDUc0xOyEam+CfDh+FlH0=,4NxJ3gUYTHx1T5kszfRpJdjApm8=
-9,10,HsR/oeYDUc0xOyEam+CfDh+FlH0=,4NxJ3gUYTHx1T5kszfRpJdjApm8=
-8,9,HsR/oeYDUc0xOyEam+CfDh+FlH0=,IlUAlMiqIQFitf2QTLPIU9YW3zI=
-9,12,HsR/oeYDUc0xOyEam+CfDh+FlH0=,Va0qeCy9TsGnvTBS7TqOKvcKtAE=
-10,12,HsR/oeYDUc0xOyEam+CfDh+FlH0=,Va0qeCy9TsGnvTBS7TqOKvcKtAE=
-11,11,HsR/oeYDUc0xOyEam+CfDh+FlH0=,7nV4PvGlhnOFoz+P+r/FWGZ8twE=
-11,10,HsR/oeYDUc0xOyEam+CfDh+FlH0=,7nV4PvGlhnOFoz+P+r/FWGZ8twE=
