2,1,ailkbN1cmb2OQX3E6pClzDg8LXY=,ZZGkvpWee6nFbRQTwjlOJLpzwGk=
2,2,ailkbN1cmb2OQX3E6pClzDg8LXY=,UQXhw4wW2iRzkoxg8pRpMxqCv8A=
1,1,ailkbN1cmb2OQX3E6pClzDg8LXY=,KkfF2ISBfXxVAtGDUT3HZ5cAYT4=
1,2,ailkbN1cmb2OQX3E6pClzDg8LXY=,MLygg0/5hwcIgQkxv+Dxdd05PGs=
1,4,ailkbN1cmb2OQX3E6pClzDg8LXY=,Aaf8qdwlmVhbmjgZvB+TNqDIjAU=
2,4,ailkbN1cmb2OQX3E6pClzDg8LXY=,SZ8HfAd9qm8QMIDOwbtTYmyyinA=
2,3,ailkbN1cmb2OQX3E6pClzDg8LXY=,UQXhw4wW2iRzkoxg8pRpMxqCv8A=
1,3,ailkbN1cmb2OQX3E6pClzDg8LXY=,MLygg0/5hwcIgQkxv+Dxdd05PGs=
1,5,ailkbN1cmb2OQX3E6pClzDg8LXY=,Aaf8qdwlmVhbmjgZvB+TNqDIjAU=
1,6,ailkbN1cmb2OQX3E6pClzDg8LXY=,Vimr8SDWXupsiEELvJe9O41i3AI=
2,5,ailkbN1cmb2OQX3E6pClzDg8LXY=,SZ8HfAd9qm8QMIDOwbtTYmyyinA=
2,6,ailkbN1cmb2OQX3E6pClzDg8LXY=,VV5tAwsrrgI/j0HnI1EP+UqJUfs=
2,8,ailkbN1cmb2OQX3E6pClzDg8LXY=,jGkmmdHtyUI9fPZUPGQitn0AysE=
1,7,ailkbN1cmb2OQX3E6pClzDg8LXY=,Vimr8SDWXupsiEELvJe9O41i3AI=
2,7,ailkbN1cmb2OQX3E6pClzDg8LXY=,VV5tAwsrrgI/j0HnI1EP+UqJUfs=
1,8,ailkbN1cmb2OQX3E6pClzDg8LXY=,FDDgYjEVjH34RColfm1LuE5SH30=
1,10,ailkbN1cmb2OQX3E6pClzDg8LXY=,cC3WxUmf8hMdupdOSruB91N9ejM=
2,10,ailkbN1cmb2OQX3E6pClzDg8LXY=,FtFBTZjvk3guw1DGVzM494OYspg=
2,9,ailkbN1cmb2OQX3E6pClzDg8LXY=,jGkmmdHtyUI9fPZUPGQitn0AysE=
1,9,ailkbN1cmb2OQX3E6pClzDg8LXY=,FDDgYjEVjH34RColfm1LuE5SH30=
2,11,ailkbN1cmb2OQX3E6pClzDg8LXY=,FtFBTZjvk3guw1DGVzM494OYspg=
1,11,ailkbN1cmb2OQX3E6pClzDg8LXY=,cC3WxUmf8hMdupdOSruB91N9ejM=
2,12,ailkbN1cmb2OQX3E6pClzDg8LXY=,FvBsTf6OS+lTfN9wjbKDtM5DoCo=
1,12,ailkbN1cmb2OQX3E6pClzDg8LXY=,1eHHtGC38et9f1adsEsioMoqTaQ=
1,14,NkzbW5M9Ys1NHCohorQIRM9xHG8=,8B6tFMesxSAchT57qEhy7ayzPng=
1,13,NkzbW5M9Ys1NHCohorQIRM9xHG8=,1eHHtGC38et9f1adsEsioMoqTaQ=
2,14,NkzbW5M9Ys1NHCohorQIRM9xHG8=,SI+0P57wb7YxKRwSc9JTh8PaC8c=
2,13,NkzbW5M9Ys1NHCohorQIRM9xHG8=,FvBsTf6OS+lTfN9wjbKDtM5DoCo=
4,13,NkzbW5M9Ys1NHCohorQIRM9xHG8=,HnuII+c+2FuMRhk0YJvyiE2CBkc=
3,13,NkzbW5M9Ys1NHCohorQIRM9xHG8=,FvBsTf6OS+lTfN9wjbKDtM5DoCo=
4,12,NkzbW5M9Ys1NHCohorQIRM9xHG8=,HnuII+c+2FuMRhk0YJvyiE2CBkc=
3,11,NkzbW5M9Ys1NHCohorQIRM9xHG8=,FtFBTZjvk3guw1DGVzM494OYspg=
3,12,NkzbW5M9Ys1NHCohorQIRM9xHG8=,FvBsTf6OS+lTfN9wjbKDtM5DoCo=
4,11,NkzbW5M9Ys1NHCohorQIRM9xHG8=,IkfVmSQO9m433sJ+IoinjBgRpZs=
4,14,NkzbW5M9Ys1NHCohorQIRM9xHG8=,uk54FnwSCYQwgWlZNi4x7djDGg8=
3,14,NkzbW5M9Ys1NHCohorQIRM9xHG8=,SI+0P57wb7YxKRwSc9JTh8PaC8c=
3,9,NkzbW5M9Ys1NHCohorQIRM9xHG8=,jGkmmdHtyUI9fPZUPGQitn0AysE=
4,9,NkzbW5M9Ys1NHCohorQIRM9xHG8=,W/Rz54AawB1pQen4PgTUyhxjMAY=
4,10,NkzbW5M9Ys1NHCohorQIRM9xHG8=,IkfVmSQO9m433sJ+IoinjBgRpZs=
3,10,NkzbW5M9Ys1NHCohorQIRM9xHG8=,FtFBTZjvk3guw1DGVzM494OYspg=
3,8,NkzbW5M9Ys1NHCohorQIRM9xHG8=,jGkmmdHtyUI9fPZUPGQitn0AysE=
4,8,NkzbW5M9Ys1NHCohorQIRM9xHG8=,W/Rz54AawB1pQen4PgTUyhxjMAY=
4,7,NkzbW5M9Ys1NHCohorQIRM9xHG8=,JrEg2z5LXtFTXx7LfMbAHYeWufQ=
3,7,NkzbW5M9Ys1NHCohorQIRM9xHG8=,VV5tAwsrrgI/j0HnI1EP+UqJUfs=
4,4,NkzbW5M9Ys1NHCohorQIRM9xHG8=,Ge64xZWNRsDlvQ6Sr4DpdZGJJDQ=
4,5,NkzbW5M9Ys1NHCohorQIRM9xHG8=,Ge64xZWNRsDlvQ6Sr4DpdZGJJDQ=
3,5,NkzbW5M9Ys1NHCohorQIRM9xHG8=,SZ8HfAd9qm8QMIDOwbtTYmyyinA=
3,4,NkzbW5M9Ys1NHCohorQIRM9xHG8=,SZ8HfAd9qm8QMIDOwbtTYmyyinA=
3,3,NkzbW5M9Ys1NHCohorQIRM9xHG8=,UQXhw4wW2iRzkoxg8pRpMxqCv8A=
4,3,NkzbW5M9Ys1NHCohorQIRM9xHG8=,tjIz/7hQxIzAZCrP9HGzLjlwVa8=
4,6,NkzbW5M9Ys1NHCohorQIRM9xHG8=,JrEg2z5LXtFTXx7LfMbAHYeWufQ=
3,6,NkzbW5M9Ys1NHCohorQIRM9xHG8=,VV5tAwsrrgI/j0HnI1EP+UqJUfs=
4,1,NkzbW5M9Ys1NHCohorQIRM9xHG8=,RJ9FWQ0sNJ03PNu56yH67nUCRAI=
4,2,NkzbW5M9Ys1NHCohorQIRM9xHG8=,tjIz/7hQxIzAZCrP9HGzLjlwVa8=
3,1,NkzbW5M9Ys1NHCohorQIRM9xHG8=,ZZGkvpWee6nFbRQTwjlOJLpzwGk=
3,2,NkzbW5M9Ys1NHCohorQIRM9xHG8=,UQXhw4wW2iRzkoxg8pRpMxqCv8A=
5,1,NkzbW5M9Ys1NHCohorQIRM9xHG8=,RJ9FWQ0sNJ03PNu56yH67nUCRAI=
5,2,NkzbW5M9Ys1NHCohorQIRM9xHG8=,tjIz/7hQxIzAZCrP9HGzLjlwVa8=
6,3,NkzbW5M9Ys1NHCohorQIRM9xHG8=,rhPfDWzJqkLXtOztXVZRJphwQvM=
6,2,NkzbW5M9Ys1NHCohorQIRM9xHG8=,rhPfDWzJqkLXtOztXVZRJphwQvM=
5,3,NkzbW5M9Ys1NHCohorQIRM9xHG8=,tjIz/7hQxIzAZCrP9HGzLjlwVa8=
6,1,NkzbW5M9Ys1NHCohorQIRM9xHG8=,YyY0lbTY2hPY+BCnDjpl1dE3pnY=
6,4,NkzbW5M9Ys1NHCohorQIRM9xHG8=,gf7mYWbfRd34F5pp2gujIfvBZAA=
5,4,NkzbW5M9Ys1NHCohorQIRM9xHG8=,Ge64xZWNRsDlvQ6Sr4DpdZGJJDQ=
5,5,NkzbW5M9Ys1NHCohorQIRM9xHG8=,Ge64xZWNRsDlvQ6Sr4DpdZGJJDQ=
5,6,NkzbW5M9Ys1NHCohorQIRM9xHG8=,JrEg2z5LXtFTXx7LfMbAHYeWufQ=
6,6,NkzbW5M9Ys1NHCohorQIRM9xHG8=,Hq+kisG4hhNRlD6VV1Mr95nHSP0=
6,5,NkzbW5M9Ys1NHCohorQIRM9xHG8=,gf7mYWbfRd34F5pp2gujIfvBZAA=
5,8,y5/OejGKQAxPe0V2TS7jp2NHhV8=,W/Rz54AawB1pQen4PgTUyhxjMAY=
6,7,y5/OejGKQAxPe0V2TS7jp2NHhV8=,Hq+kisG4hhNRlD6VV1Mr95nHSP0=
5,7,y5/OejGKQAxPe0V2TS7jp2NHhV8=,JrEg2z5LXtFTXx7LfMbAHYeWufQ=
6,8,y5/OejGKQAxPe0V2TS7jp2NHhV8=,vhvw9EJhq8d7Yf/UL9fVHv0/syE=
6,11,y5/OejGKQAxPe0V2TS7jp2NHhV8=,nl9KumhSxpN97xmufxI0v18MlYs=
6,12,y5/OejGKQAxPe0V2TS7jp2NHhV8=,+YDjm1u6y5KiWTq9fXj1c409QIE=
5,11,y5/OejGKQAxPe0V2TS7jp2NHhV8=,IkfVmSQO9m433sJ+IoinjBgRpZs=
5,12,y5/OejGKQAxPe0V2TS7jp2NHhV8=,HnuII+c+2FuMRhk0YJvyiE2CBkc=
6,10,y5/OejGKQAxPe0V2TS7jp2NHhV8=,nl9KumhSxpN97xmufxI0v18MlYs=
5,10,y5/OejGKQAxPe0V2TS7jp2NHhV8=,IkfVmSQO9m433sJ+IoinjBgRpZs=
5,9,y5/OejGKQAxPe0V2TS7jp2NHhV8=,W/Rz54AawB1pQen4PgTUyhxjMAY=
6,9,y5/OejGKQAxPe0V2TS7jp2NHhV8=,vhvw9EJhq8d7Yf/UL9fVHv0/syE=
6,14,y5/OejGKQAxPe0V2TS7jp2NHhV8=,lHdNuaj6rUnOPoFu2lQWjrbQObE=
6,13,y5/OejGKQAxPe0V2TS7jp2NHhV8=,+YDjm1u6y5KiWTq9fXj1c409QIE=
5,13,y5/OejGKQAxPe0V2TS7jp2NHhV8=,HnuII+c+2FuMRhk0YJvyiE2CBkc=
5,14,y5/OejGKQAxPe0V2TS7jp2NHhV8=,uk54FnwSCYQwgWlZNi4x7djDGg8=
8,10,y5/OejGKQAxPe0V2TS7jp2NHhV8=,aY4KqA8e32TSjhOcrDFjZfJ4CQw=
7,10,y5/OejGKQAxPe0V2TS7jp2NHhV8=,nl9KumhSxpN97xmufxI0v18MlYs=
7,9,y5/OejGKQAxPe0V2TS7jp2NHhV8=,vhvw9EJhq8d7Yf/UL9fVHv0/syE=
8,9,y5/OejGKQAxPe0V2TS7jp2NHhV8=,enC1/01va0kHWL9+dsHIt31i+bc=
7,12,y5/OejGKQAxPe0V2TS7jp2NHhV8=,+YDjm1u6y5KiWTq9fXj1c409QIE=
8,11,y5/OejGKQAxPe0V2TS7jp2NHhV8=,aY4KqA8e32TSjhOcrDFjZfJ4CQw=
7,11,y5/OejGKQAxPe0V2TS7jp2NHhV8=,nl9KumhSxpN97xmufxI0v18MlYs=
8,12,y5/OejGKQAxPe0V2TS7jp2NHhV8=,4oAEqk/+gz9QO9DAMI0DY08Sz4g=
7,13,y5/OejGKQAxPe0V2TS7jp2NHhV8=,+YDjm1u6y5KiWTq9fXj1c409QIE=
7,14,y5/OejGKQAxPe0V2TS7jp2NHhV8=,lHdNuaj6rUnOPoFu2lQWjrbQObE=
8,13,y5/OejGKQAxPe0V2TS7jp2NHhV8=,4oAEqk/+gz9QO9DAMI0DY08Sz4g=
8,14,y5/OejGKQAxPe0V2TS7jp2NHhV8=,CXPjBEQqFQ0LKq8Yu1bUeDBDPJU=
8,8,y5/OejGKQAxPe0V2TS7jp2NHhV8=,enC1/01va0kHWL9+dsHIt31i+bc=
8,7,y5/OejGKQAxPe0V2TS7jp2NHhV8=,JRcmvfQtO6qkTkysQRSZUTs37l4=
7,7,y5/OejGKQAxPe0V2TS7jp2NHhV8=,Hq+kisG4hhNRlD6VV1Mr95nHSP0=
7,8,y5/OejGKQAxPe0V2TS7jp2NHhV8=,vhvw9EJhq8d7Yf/UL9fVHv0/syE=
8,5,y5/OejGKQAxPe0V2TS7jp2NHhV8=,2jpJD3TMpwcFIUFiJSa3NgRk29U=
7,5,y5/OejGKQAxPe0V2TS7jp2NHhV8=,gf7mYWbfRd34F5pp2gujIfvBZAA=
7,6,y5/OejGKQAxPe0V2TS7jp2NHhV8=,Hq+kisG4hhNRlD6VV1Mr95nHSP0=
8,6,y5/OejGKQAxPe0V2TS7jp2NHhV8=,JRcmvfQtO6qkTkysQRSZUTs37l4=
8,4,y5/OejGKQAxPe0V2TS7jp2NHhV8=,2jpJD3TMpwcFIUFiJSa3NgRk29U=
8,3,y5/OejGKQAxPe0V2TS7jp2NHhV8=,hbcL0EXxflSFrg/5UBHzZ65Qnfc=
7,4,y5/OejGKQAxPe0V2TS7jp2NHhV8=,gf7mYWbfRd34F5pp2gujIfvBZAA=
7,3,y5/OejGKQAxPe0V2TS7jp2NHhV8=,rhPfDWzJqkLXtOztXVZRJphwQvM=
8,2,yVUz5bxWlCVqOrdYyDZjVclrxVY=,hbcL0EXxflSFrg/5UBHzZ65Qnfc=
8,1,yVUz5bxWlCVqOrdYyDZjVclrxVY=,vxeodwk4B/qXxYolkF0d1wadGDk=
7,2,yVUz5bxWlCVqOrdYyDZjVclrxVY=,rhPfDWzJqkLXtOztXVZRJphwQvM=
7,1,yVUz5bxWlCVqOrdYyDZjVclrxVY=,YyY0lbTY2hPY+BCnDjpl1dE3pnY=
10,6,yVUz5bxWlCVqOrdYyDZjVclrxVY=,Zo2fgjYtPuA2KoJzs624cpyMCeM=
9,5,yVUz5bxWlCVqOrdYyDZjVclrxVY=,2jpJD3TMpwcFIUFiJSa3NgRk29U=
10,5,yVUz5bxWlCVqOrdYyDZjVclrxVY=,kVrteVmUVl/outLfUnH3pv+74+g=
9,6,yVUz5bxWlCVqOrdYyDZjVclrxVY=,JRcmvfQtO6qkTkysQRSZUTs37l4=
9,3,yVUz5bxWlCVqOrdYyDZjVclrxVY=,hbcL0EXxflSFrg/5UBHzZ65Qnfc=
9,4,yVUz5bxWlCVqOrdYyDZjVclrxVY=,2jpJD3TMpwcFIUFiJSa3NgRk29U=
10,4,yVUz5bxWlCVqOrdYyDZjVclrxVY=,kVrteVmUVl/outLfUnH3pv+74+g=
10,3,yVUz5bxWlCVqOrdYyDZjVclrxVY=,oGhSqo7gxIXPGvndA0ULwjbF4XI=
9,2,yVUz5bxWlCVqOrdYyDZjVclrxVY=,hbcL0EXxflSFrg/5UBHzZ65Qnfc=
9,1,yVUz5bxWlCVqOrdYyDZjVclrxVY=,vxeodwk4B/qXxYolkF0d1wadGDk=
10,2,yVUz5bxWlCVqOrdYyDZjVclrxVY=,oGhSqo7gxIXPGvndA0ULwjbF4XI=
10,1,yVUz5bxWlCVqOrdYyDZjVclrxVY=,5MpmI3Tyu7vYWQYHBEgOwr8TQvU=
12,3,yVUz5bxWlCVqOrdYyDZjVclrxVY=,WV9uiLMdMsVewGtfwbA4Obrq2ag=
12,4,yVUz5bxWlCVqOrdYyDZjVclrxVY=,ylXHCFZA+t/LyP7EOaB3Yk3LV7k=
11,3,yVUz5bxWlCVqOrdYyDZjVclrxVY=,oGhSqo7gxIXPGvndA0ULwjbF4XI=
11,4,yVUz5bxWlCVqOrdYyDZjVclrxVY=,kVrteVmUVl/outLfUnH3pv+74+g=
12,2,yVUz5bxWlCVqOrdYyDZjVclrxVY=,WV9uiLMdMsVewGtfwbA4Obrq2ag=
11,2,yVUz5bxWlCVqOrdYyDZjVclrxVY=,oGhSqo7gxIXPGvndA0ULwjbF4XI=
12,1,yVUz5bxWlCVqOrdYyDZjVclrxVY=,fWfGRQTs/v5jnCilFn03c2R9hXo=
11,1,yVUz5bxWlCVqOrdYyDZjVclrxVY=,5MpmI3Tyu7vYWQYHBEgOwr8TQvU=
11,6,yVUz5bxWlCVqOrdYyDZjVclrxVY=,Zo2fgjYtPuA2KoJzs624cpyMCeM=
11,5,yVUz5bxWlCVqOrdYyDZjVclrxVY=,kVrteVmUVl/outLfUnH3pv+74+g=
12,6,yVUz5bxWlCVqOrdYyDZjVclrxVY=,0KwknDo7FB3TRqxizInYIsLnJPA=
12,5,yVUz5bxWlCVqOrdYyDZjVclrxVY=,ylXHCFZA+t/LyP7EOaB3Yk3LV7k=
12,7,yVUz5bxWlCVqOrdYyDZjVclrxVY=,0KwknDo7FB3TRqxizInYIsLnJPA=
11,8,yVUz5bxWlCVqOrdYyDZjVclrxVY=,mZiTvahLBpHKgM7OSYS41zYHLZA=
11,7,yVUz5bxWlCVqOrdYyDZjVclrxVY=,Zo2fgjYtPuA2KoJzs624cpyMCeM=
10,8,yVUz5bxWlCVqOrdYyDZjVclrxVY=,mZiTvahLBpHKgM7OSYS41zYHLZA=
12,8,yVUz5bxWlCVqOrdYyDZjVclrxVY=,+IbTWhMjBDeOU1Xa8aWPcNvpYbM=
10,7,yVUz5bxWlCVqOrdYyDZjVclrxVY=,Zo2fgjYtPuA2KoJzs624cpyMCeM=
9,8,yVUz5bxWlCVqOrdYyDZjVclrxVY=,enC1/01va0kHWL9+dsHIt31i+bc=
9,7,yVUz5bxWlCVqOrdYyDZjVclrxVY=,JRcmvfQtO6qkTkysQRSZUTs37l4=
10,9,yVUz5bxWlCVqOrdYyDZjVclrxVY=,mZiTvahLBpHKgM7OSYS41zYHLZA=
10,10,yVUz5bxWlCVqOrdYyDZjVclrxVY=,0fow/+zMRiysEKqfvrh3fJkjO48=
9,10,yVUz5bxWlCVqOrdYyDZjVclrxVY=,aY4KqA8e32TSjhOcrDFjZfJ4CQw=
9,9,yVUz5bxWlCVqOrdYyDZjVclrxVY=,enC1/01va0kHWL9+dsHIt31i+bc=
11,10,yVUz5bxWlCVqOrdYyDZjVclrxVY=,0fow/+zMRiysEKqfvrh3fJkjO48=
11,9,yVUz5bxWlCVqOrdYyDZjVclrxVY=,mZiTvahLBpHKgM7OSYS41zYHLZA=
12,9,yVUz5bxWlCVqOrdYyDZjVclrxVY=,+IbTWhMjBDeOU1Xa8aWPcNvpYbM=
12,10,yVUz5bxWlCVqOrdYyDZjVclrxVY=,I+gaf6l6IbxS5D3uwjXYiNKRDiY=
9,11,yVUz5bxWlCVqOrdYyDZjVclrxVY=,aY4KqA8e32TSjhOcrDFjZfJ4CQw=
10,11,yVUz5bxWlCVqOrdYyDZjVclrxVY=,0fow/+zMRiysEKqfvrh3fJkjO48=
10,12,yVUz5bxWlCVqOrdYyDZjVclrxVY=,Cc6LvM5NzJdLEY4jBa/YbGjl27k=
9,12,yVUz5bxWlCVqOrdYyDZjVclrxVY=,4oAEqk/+gz9QO9DAMI0DY08Sz4g=
11,11,yVUz5bxWlCVqOrdYyDZjVclrxVY=,0fow/+zMRiysEKqfvrh3fJkjO48=
12,11,yVUz5bxWlCVqOrdYyDZjVclrxVY=,I+gaf6l6IbxS5D3uwjXYiNKRDiY=
12,12,yVUz5bxWlCVqOrdYyDZjVclrxVY=,iFroUcEhyIbZiTYz0X5xe4akxPo=
11,12,yVUz5bxWlCVqOrdYyDZjVclrxVY=,Cc6LvM5NzJdLEY4jBa/YbGjl27k=
10,14,Z4jvYdoUz0Zs6DgTN539B/pOkq8=,aOwaYUPuRUvF+DuHUaOKoroaE+A=
10,13,Z4jvYdoUz0Zs6DgTN539B/pOkq8=,Cc6LvM5NzJdLEY4jBa/YbGjl27k=
9,14,Z4jvYdoUz0Zs6DgTN539B/pOkq8=,CXPjBEQqFQ0LKq8Yu1bUeDBDPJU=
9,13,Z4jvYdoUz0Zs6DgTN539B/pOkq8=,4oAEqk/+gz9QO9DAMI0DY08Sz4g=
11,14,Z4jvYdoUz0Zs6DgTN539B/pOkq8=,aOwaYUPuRUvF+DuHUaOKoroaE+A=
11,13,Z4jvYdoUz0Zs6DgTN539B/pOkq8=,Cc6LvM5NzJdLEY4jBa/YbGjl27k=
12,13,Z4jvYdoUz0Zs6DgTN539B/pOkq8=,iFroUcEhyIbZiTYz0X5xe4akxPo=
12,14,Z4jvYdoUz0Zs6DgTN539B/pOkq8=,kfvA3AmICI9Pj5MzobKmfspnP9s=
13,13,Z4jvYdoUz0Zs6DgTN539B/pOkq8=,iFroUcEhyIbZiTYz0X5xe4akxPo=
14,13,Z4jvYdoUz0Zs6DgTN539B/pOkq8=,szkJYhWMHFhTmZ+5CKL/fRwprgo=
14,14,Z4jvYdoUz0Zs6DgTN539B/pOkq8=,5WFS2gWtN1aGPevVSrD+7Ol7ZBs=
13,14,Z4jvYdoUz0Zs6DgTN539B/pOkq8=,kfvA3AmICI9Pj5MzobKmfspnP9s=
13,12,Z4jvYdoUz0Zs6DgTN539B/pOkq8=,iFroUcEhyIbZiTYz0X5xe4akxPo=
14,12,Z4jvYdoUz0Zs6DgTN539B/pOkq8=,szkJYhWMHFhTmZ+5CKL/fRwprgo=
14,11,Z4jvYdoUz0Zs6DgTN539B/pOkq8=,STMgHX5DUh4xENiz0+r4cbhRxoI=
13,11,Z4jvYdoUz0Zs6DgTN539B/pOkq8=,I+gaf6l6IbxS5D3uwjXYiNKRDiY=
13,10,Z4jvYdoUz0Zs6DgTN539B/pOkq8=,I+gaf6l6IbxS5D3uwjXYiNKRDiY=
14,10,Z4jvYdoUz0Zs6DgTN539B/pOkq8=,STMgHX5DUh4xENiz0+r4cbhRxoI=
13,9,Z4jvYdoUz0Zs6DgTN539B/pOkq8=,+IbTWhMjBDeOU1Xa8aWPcNvpYbM=
14,9,Z4jvYdoUz0Zs6DgTN539B/pOkq8=,YPDmJw+4qsvOUTV+X2qgADSRG8E=
14,8,Z4jvYdoUz0Zs6DgTN539B/pOkq8=,YPDmJw+4qsvOUTV+X2qgADSRG8E=
14,7,Z4jvYdoUz0Zs6DgTN539B/pOkq8=,eE0a8cvSua1A01MKDD4WqverO7I=
13,7,Z4jvYdoUz0Zs6DgTN539B/pOkq8=,0KwknDo7FB3TRqxizInYIsLnJPA=
13,8,Z4jvYdoUz0Zs6DgTN539B/pOkq8=,+IbTWhMjBDeOU1Xa8aWPcNvpYbM=
14,5,Z4jvYdoUz0Zs6DgTN539B/pOkq8=,7CFXjC2FYE9okZxt0rPq+w55rjw=
13,5,Z4jvYdoUz0Zs6DgTN539B/pOkq8=,ylXHCFZA+t/LyP7EOaB3Yk3LV7k=
14,6,Z4jvYdoUz0Zs6DgTN539B/pOkq8=,eE0a8cvSua1A01MKDD4WqverO7I=
13,6,Z4jvYdoUz0Zs6DgTN539B/pOkq8=,0KwknDo7FB3TRqxizInYIsLnJPA=
15,5,Z4jvYdoUz0Zs6DgTN539B/pOkq8=,7CFXjC2FYE9okZxt0rPq+w55rjw=
15,6,Z4jvYdoUz0Zs6DgTN539B/pOkq8=,eE0a8cvSua1A01MKDD4WqverO7I=
11,0,Z4jvYdoUz0Zs6DgTN539B/pOkq8=,5MpmI3Tyu7vYWQYHBEgOwr8TQvU=
12,0,Z4jvYdoUz0Zs6DgTN539B/pOkq8=,fWfGRQTs/v5jnCilFn03c2R9hXo=
9,0,Z4jvYdoUz0Zs6DgTN539B/pOkq8=,vxeodwk4B/qXxYolkF0d1wadGDk=
10,0,Z4jvYdoUz0Zs6DgTN539B/pOkq8=,5MpmI3Tyu7vYWQYHBEgOwr8TQvU=
13,4,Z4jvYdoUz0Zs6DgTN539B/pOkq8=,ylXHCFZA+t/LyP7EOaB3Yk3LV7k=
13,3,Z4jvYdoUz0Zs6DgTN539B/pOkq8=,WV9uiLMdMsVewGtfwbA4Obrq2ag=
14,4,Z4jvYdoUz0Zs6DgTN539B/pOkq8=,7CFXjC2FYE9okZxt0rPq+w55rjw=
15,3,Z4jvYdoUz0Zs6DgTN539B/pOkq8=,USFZ0tSp6ULJDdf++hUHcYRme1A=
7,0,Z4jvYdoUz0Zs6DgTN539B/pOkq8=,YyY0lbTY2hPY+BCnDjpl1dE3pnY=
8,0,Z4jvYdoUz0Zs6DgTN539B/pOkq8=,vxeodwk4B/qXxYolkF0d1wadGDk=
14,3,Z4jvYdoUz0Zs6DgTN539B/pOkq8=,USFZ0tSp6ULJDdf++hUHcYRme1A=
15,4,Z4jvYdoUz0Zs6DgTN539B/pOkq8=,7CFXjC2FYE9okZxt0rPq+w55rjw=
6,0,Z4jvYdoUz0Zs6DgTN539B/pOkq8=,YyY0lbTY2hPY+BCnDjpl1dE3pnY=
5,0,Z4jvYdoUz0Zs6DgTN539B/pOkq8=,RJ9FWQ0sNJ03PNu56yH67nUCRAI=
2,0,Z4jvYdoUz0Zs6DgTN539B/pOkq8=,ZZGkvpWee6nFbRQTwjlOJLpzwGk=
0,0,Z4jvYdoUz0Zs6DgTN539B/pOkq8=,KkfF2ISBfXxVAtGDUT3HZ5cAYT4=
1,0,Z4jvYdoUz0Zs6DgTN539B/pOkq8=,KkfF2ISBfXxVAtGDUT3HZ5cAYT4=
4,0,Z4jvYdoUz0Zs6DgTN539B/pOkq8=,RJ9FWQ0sNJ03PNu56yH67nUCRAI=
3,0,Z4jvYdoUz0Zs6DgTN539B/pOkq8=,ZZGkvpWee6nFbRQTwjlOJLpzwGk=
0,2,Z4jvYdoUz0Zs6DgTN539B/pOkq8=,MLygg0/5hwcIgQkxv+Dxdd05PGs=
0,1,Z4jvYdoUz0Zs6DgTN539B/pOkq8=,KkfF2ISBfXxVAtGDUT3HZ5cAYT4=
15,0,Z4jvYdoUz0Zs6DgTN539B/pOkq8=,+sB8nMPrxSDua2F3urr92DUKX+U=
15,2,Z4jvYdoUz0Zs6DgTN539B/pOkq8=,USFZ0tSp6ULJDdf++hUHcYRme1A=
14,1,Z4jvYdoUz0Zs6DgTN539B/pOkq8=,+sB8nMPrxSDua2F3urr92DUKX+U=
15,1,Z4jvYdoUz0Zs6DgTN539B/pOkq8=,+sB8nMPrxSDua2F3urr92DUKX+U=
14,2,Z4jvYdoUz0Zs6DgTN539B/pOkq8=,USFZ0tSp6ULJDdf++hUHcYRme1A=
13,2,Z4jvYdoUz0Zs6DgTN539B/pOkq8=,WV9uiLMdMsVewGtfwbA4Obrq2ag=
13,1,Z4jvYdoUz0Zs6DgTN539B/pOkq8=,fWfGRQTs/v5jnCilFn03c2R9hXo=
14,0,Z4jvYdoUz0Zs6DgTN539B/pOkq8=,+sB8nMPrxSDua2F3urr92DUKX+U=
0,4,Z4jvYdoUz0Zs6DgTN539B/pOkq8=,Aaf8qdwlmVhbmjgZvB+TNqDIjAU=
13,0,Z4jvYdoUz0Zs6DgTN539B/pOkq8=,fWfGRQTs/v5jnCilFn03c2R9hXo=
0,3,Z4jvYdoUz0Zs6DgTN539B/pOkq8=,MLygg0/5hwcIgQkxv+Dxdd05PGs=
0,5,Z4jvYdoUz0Zs6DgTN539B/pOkq8=,Aaf8qdwlmVhbmjgZvB+TNqDIjAU=
0,7,Z4jvYdoUz0Zs6DgTN539B/pOkq8=,Vimr8SDWXupsiEELvJe9O41i3AI=
0,6,Z4jvYdoUz0Zs6DgTN539B/pOkq8=,Vimr8SDWXupsiEELvJe9O41i3AI=
0,8,Z4jvYdoUz0Zs6DgTN539B/pOkq8=,FDDgYjEVjH34RColfm1LuE5SH30=
0,10,Z4jvYdoUz0Zs6DgTN539B/pOkq8=,cC3WxUmf8hMdupdOSruB91N9ejM=
0,11,Z4jvYdoUz0Zs6DgTN539B/pOkq8=,cC3WxUmf8hMdupdOSruB91N9ejM=
0,9,Z4jvYdoUz0Zs6DgTN539B/pOkq8=,FDDgYjEVjH34RColfm1LuE5SH30=
0,12,Z4jvYdoUz0Zs6DgTN539B/pOkq8=,1eHHtGC38et9f1adsEsioMoqTaQ=
0,14,Z4jvYdoUz0Zs6DgTN539B/pOkq8=,8B6tFMesxSAchT57qEhy7ayzPng=
0,13,Z4jvYdoUz0Zs6DgTN539B/pOkq8=,1eHHtGC38et9f1adsEsioMoqTaQ=
0,15,Z4jvYdoUz0Zs6DgTN539B/pOkq8=,8B6tFMesxSAchT57qEhy7ayzPng=
1,15,Z4jvYdoUz0Zs6DgTN539B/pOkq8=,8B6tFMesxSAchT57qEhy7ayzPng=
2,15,Z4jvYdoUz0Zs6DgTN539B/pOkq8=,SI+0P57wb7YxKRwSc9JTh8PaC8c=
3,15,Z4jvYdoUz0Zs6DgTN539B/pOkq8=,SI+0P57wb7YxKRwSc9JTh8PaC8c=
4,15,Z4jvYdoUz0Zs6DgTN539B/pOkq8=,uk54FnwSCYQwgWlZNi4x7djDGg8=
6,15,Z4jvYdoUz0Zs6DgTN539B/pOkq8=,lHdNuaj6rUnOPoFu2lQWjrbQObE=
5,15,Z4jvYdoUz0Zs6DgTN539B/pOkq8=,uk54FnwSCYQwgWlZNi4x7djDGg8=
7,15,Z4jvYdoUz0Zs6DgTN539B/pOkq8=,lHdNuaj6rUnOPoFu2lQWjrbQObE=
8,15,Z4jvYdoUz0Zs6DgTN539B/pOkq8=,CXPjBEQqFQ0LKq8Yu1bUeDBDPJU=
12,15,Z4jvYdoUz0Zs6DgTN539B/pOkq8=,kfvA3AmICI9Pj5MzobKmfspnP9s=
9,15,Z4jvYdoUz0Zs6DgTN539B/pOkq8=,CXPjBEQqFQ0LKq8Yu1bUeDBDPJU=
15,13,Z4jvYdoUz0Zs6DgTN539B/pOkq8=,szkJYhWMHFhTmZ+5CKL/fRwprgo=
13,15,Z4jvYdoUz0Zs6DgTN539B/pOkq8=,kfvA3AmICI9Pj5MzobKmfspnP9s=
14,15,Z4jvYdoUz0Zs6DgTN539B/pOkq8=,5WFS2gWtN1aGPevVSrD+7Ol7ZBs=
10,15,Z4jvYdoUz0Zs6DgTN539B/pOkq8=,aOwaYUPuRUvF+DuHUaOKoroaE+A=
15,14,Z4jvYdoUz0Zs6DgTN539B/pOkq8=,5WFS2gWtN1aGPevVSrD+7Ol7ZBs=
11,15,Z4jvYdoUz0Zs6DgTN539B/pOkq8=,aOwaYUPuRUvF+DuHUaOKoroaE+A=
15,12,Z4jvYdoUz0Zs6DgTN539B/pOkq8=,szkJYhWMHFhTmZ+5CKL/fRwprgo=
15,11,Z4jvYdoUz0Zs6DgTN539B/pOkq8=,STMgHX5DUh4xENiz0+r4cbhRxoI=
15,15,Z4jvYdoUz0Zs6DgTN539B/pOkq8=,5WFS2gWtN1aGPevVSrD+7Ol7ZBs=
15,7,Z4jvYdoUz0Zs6DgTN539B/pOkq8=,eE0a8cvSua1A01MKDD4WqverO7I=
15,9,Z4jvYdoUz0Zs6DgTN539B/pOkq8=,YPDmJw+4qsvOUTV+X2qgADSRG8E=
15,8,Z4jvYdoUz0Zs6DgTN539B/pOkq8=,YPDmJw+4qsvOUTV+X2qgADSRG8E=
15,10,Z4jvYdoUz0Zs6DgTN539B/pOkq8=,STMgHX5DUh4xENiz0+r4cbhRxoI=
12,16,Z4jvYdoUz0Zs6DgTN539B/pOkq8=,L/wn2YB2f8sYFpWq6+gahPMe9jc=
11,16,Z4jvYdoUz0Zs6DgTN539B/pOkq8=,RHUaIJoyOKvc0BMLncI+MaKS3SI=
13,16,Z4jvYdoUz0Zs6DgTN539B/pOkq8=,L/wn2YB2f8sYFpWq6+gahPMe9jc=
14,16,Z4jvYdoUz0Zs6DgTN539B/pOkq8=,Ld/HfD3Zf/qNiMOBQinB34pFV+8=
10,16,+g4AFJx5wZ7LIQQUltn1mYTIxD0=,RHUaIJoyOKvc0BMLncI+MaKS3SI=
9,16,+g4AFJx5wZ7LIQQUltn1mYTIxD0=,ZvapQieUUS4cRb17pfhRaZSkczA=
8,16,+g4AFJx5wZ7LIQQUltn1mYTIxD0=,ZvapQieUUS4cRb17pfhRaZSkczA=
7,16,+g4AFJx5wZ7LIQQUltn1mYTIxD0=,sEMzQy2nsP9RzXzbdO3/rFw808E=
15,16,+g4AFJx5wZ7LIQQUltn1mYTIxD0=,Ld/HfD3Zf/qNiMOBQinB34pFV+8=
3,16,+g4AFJx5wZ7LIQQUltn1mYTIxD0=,Y/vFZ5wVwuotdvOCsfOOawdhVls=
4,16,+g4AFJx5wZ7LIQQUltn1mYTIxD0=,Su8cuqOeJR9moFRt9OzRYTT5hjg=
6,16,+g4AFJx5wZ7LIQQUltn1mYTIxD0=,sEMzQy2nsP9RzXzbdO3/rFw808E=
2,16,+g4AFJx5wZ7LIQQUltn1mYTIxD0=,Y/vFZ5wVwuotdvOCsfOOawdhVls=
5,16,+g4AFJx5wZ7LIQQUltn1mYTIxD0=,Su8cuqOeJR9moFRt9OzRYTT5hjg=
0,16,+g4AFJx5wZ7LIQQUltn1mYTIxD0=,00xTwWUO9pcXPalZrkkqjuzx4lE=
1,16,+g4AFJx5wZ7LIQQUltn1mYTIxD0=,00xTwWUO9pcXPalZrkkqjuzx4lE=
21,16,/spJ+7n5GZq1YOBxIems4XxMACU=,hzR6RT1RwF36SdHIFcrsIxkOO4Q=
20,16,/spJ+7n5GZq1YOBxIems4XxMACU=,hzR6RT1RwF36SdHIFcrsIxkOO4Q=
19,16,/spJ+7n5GZq1YOBxIems4XxMACU=,cbkqBSyEGN/5lKqqWUnDbalZie4=
18,16,/spJ+7n5GZq1YOBxIems4XxMACU=,cbkqBSyEGN/5lKqqWUnDbalZie4=
16,16,/spJ+7n5GZq1YOBxIems4XxMACU=,Njpx8CMuLbmqivoJUsd6ucTnMfQ=
17,16,/spJ+7n5GZq1YOBxIems4XxMACU=,Njpx8CMuLbmqivoJUsd6ucTnMfQ=
18,13,/spJ+7n5GZq1YOBxIems4XxMACU=,4Wd+dYf78z2XXTEUZuU6mfQW3HM=
17,14,/spJ+7n5GZq1YOBxIems4XxMACU=,t2aQ0mXmkrKcCVYxJHQAmFjIhII=
18,14,/spJ+7n5GZq1YOBxIems4XxMACU=,T5HPEsm2hTNN7MVO6/GhbI+YyYs=
17,13,/spJ+7n5GZq1YOBxIems4XxMACU=,NIqjalGXsqnGitauJDQXTRokHQ8=
17,11,KdFv8y2M5lssxEcsDTMlUOc9qFw=,NDCkUxgr/q0IBmonWgQ7LWDSRqc=
18,11,KdFv8y2M5lssxEcsDTMlUOc9qFw=,iS33dNIg4ICfeC8PrZQGkL21zIQ=
17,12,KdFv8y2M5lssxEcsDTMlUOc9qFw=,NIqjalGXsqnGitauJDQXTRokHQ8=
18,12,KdFv8y2M5lssxEcsDTMlUOc9qFw=,4Wd+dYf78z2XXTEUZuU6mfQW3HM=
17,10,KdFv8y2M5lssxEcsDTMlUOc9qFw=,NDCkUxgr/q0IBmonWgQ7LWDSRqc=
17,9,KdFv8y2M5lssxEcsDTMlUOc9qFw=,QTajQCi2YtMd1gUiaPFUIGeUsFw=
18,10,KdFv8y2M5lssxEcsDTMlUOc9qFw=,iS33dNIg4ICfeC8PrZQGkL21zIQ=
18,9,KdFv8y2M5lssxEcsDTMlUOc9qFw=,HenIug47b4rga/RZtigeLOzhoHA=
20,9,KdFv8y2M5lssxEcsDTMlUOc9qFw=,P8OzyZuz6Lcwle3ehvHUvsb8f9Q=
19,10,KdFv8y2M5lssxEcsDTMlUOc9qFw=,iS33dNIg4ICfeC8PrZQGkL21zIQ=
19,9,KdFv8y2M5lssxEcsDTMlUOc9qFw=,HenIug47b4rga/RZtigeLOzhoHA=
20,10,KdFv8y2M5lssxEcsDTMlUOc9qFw=,VGj8pvZtM/WX5uhE+b44qKJyoMM=
18,7,KdFv8y2M5lssxEcsDTMlUOc9qFw=,mL35aoXB0ZztFggHGsUscEIbyLQ=
18,8,KdFv8y2M5lssxEcsDTMlUOc9qFw=,HenIug47b4rga/RZtigeLOzhoHA=
17,8,KdFv8y2M5lssxEcsDTMlUOc9qFw=,QTajQCi2YtMd1gUiaPFUIGeUsFw=
17,7,KdFv8y2M5lssxEcsDTMlUOc9qFw=,h8FhjazI1fHY63PXSLmpIgt7i/s=
19,7,KdFv8y2M5lssxEcsDTMlUOc9qFw=,mL35aoXB0ZztFggHGsUscEIbyLQ=
20,7,KdFv8y2M5lssxEcsDTMlUOc9qFw=,Nd19dEaGpG5cwTixBoXMQtRFLQ4=
20,8,KdFv8y2M5lssxEcsDTMlUOc9qFw=,P8OzyZuz6Lcwle3ehvHUvsb8f9Q=
19,8,KdFv8y2M5lssxEcsDTMlUOc9qFw=,HenIug47b4rga/RZtigeLOzhoHA=
20,5,KdFv8y2M5lssxEcsDTMlUOc9qFw=,GFX1EHLRhbHnPm/Ra9JXx6+niac=
19,5,KdFv8y2M5lssxEcsDTMlUOc9qFw=,29BBJX8uCsXk05DvwMHZ+o8ARZc=
19,6,KdFv8y2M5lssxEcsDTMlUOc9qFw=,mL35aoXB0ZztFggHGsUscEIbyLQ=
20,6,KdFv8y2M5lssxEcsDTMlUOc9qFw=,Nd19dEaGpG5cwTixBoXMQtRFLQ4=
18,6,KdFv8y2M5lssxEcsDTMlUOc9qFw=,mL35aoXB0ZztFggHGsUscEIbyLQ=
18,5,KdFv8y2M5lssxEcsDTMlUOc9qFw=,29BBJX8uCsXk05DvwMHZ+o8ARZc=
17,6,KdFv8y2M5lssxEcsDTMlUOc9qFw=,h8FhjazI1fHY63PXSLmpIgt7i/s=
17,5,KdFv8y2M5lssxEcsDTMlUOc9qFw=,ppTUJ8PjwgS/WiRiSr8ZJLBpg9s=
20,3,KdFv8y2M5lssxEcsDTMlUOc9qFw=,jz5nCd4Su1LtRmKM8uIdNCi+UtI=
19,3,KdFv8y2M5lssxEcsDTMlUOc9qFw=,grXFAQm+unBvDwasggn7QIGY1dk=
20,4,KdFv8y2M5lssxEcsDTMlUOc9qFw=,GFX1EHLRhbHnPm/Ra9JXx6+niac=
19,4,KdFv8y2M5lssxEcsDTMlUOc9qFw=,29BBJX8uCsXk05DvwMHZ+o8ARZc=
17,3,KdFv8y2M5lssxEcsDTMlUOc9qFw=,KoOu1BaOizvUReROFBebsSUEMDw=
18,3,KdFv8y2M5lssxEcsDTMlUOc9qFw=,grXFAQm+unBvDwasggn7QIGY1dk=
18,4,KdFv8y2M5lssxEcsDTMlUOc9qFw=,29BBJX8uCsXk05DvwMHZ+o8ARZc=
17,4,KdFv8y2M5lssxEcsDTMlUOc9qFw=,ppTUJ8PjwgS/WiRiSr8ZJLBpg9s=
16,3,KdFv8y2M5lssxEcsDTMlUOc9qFw=,KoOu1BaOizvUReROFBebsSUEMDw=
16,4,KdFv8y2M5lssxEcsDTMlUOc9qFw=,ppTUJ8PjwgS/WiRiSr8ZJLBpg9s=
16,5,KdFv8y2M5lssxEcsDTMlUOc9qFw=,ppTUJ8PjwgS/WiRiSr8ZJLBpg9s=
16,6,KdFv8y2M5lssxEcsDTMlUOc9qFw=,h8FhjazI1fHY63PXSLmpIgt7i/s=
16,10,KdFv8y2M5lssxEcsDTMlUOc9qFw=,NDCkUxgr/q0IBmonWgQ7LWDSRqc=
16,9,Ae532USPwCqh+3L0NHsTK48w9Gs=,QTajQCi2YtMd1gUiaPFUIGeUsFw=
16,12,Ae532USPwCqh+3L0NHsTK48w9Gs=,NIqjalGXsqnGitauJDQXTRokHQ8=
16,11,Ae532USPwCqh+3L0NHsTK48w9Gs=,NDCkUxgr/q0IBmonWgQ7LWDSRqc=
16,7,Ae532USPwCqh+3L0NHsTK48w9Gs=,h8FhjazI1fHY63PXSLmpIgt7i/s=
16,8,Ae532USPwCqh+3L0NHsTK48w9Gs=,QTajQCi2YtMd1gUiaPFUIGeUsFw=
16,13,Ae532USPwCqh+3L0NHsTK48w9Gs=,NIqjalGXsqnGitauJDQXTRokHQ8=
16,14,Ae532USPwCqh+3L0NHsTK48w9Gs=,t2aQ0mXmkrKcCVYxJHQAmFjIhII=
17,15,Ae532USPwCqh+3L0NHsTK48w9Gs=,t2aQ0mXmkrKcCVYxJHQAmFjIhII=
21,2,Ae532USPwCqh+3L0NHsTK48w9Gs=,jz5nCd4Su1LtRmKM8uIdNCi+UtI=
21,1,Ae532USPwCqh+3L0NHsTK48w9Gs=,b7NUtdk+AOuPDKboA0H8uAkJE2Y=
18,15,Ae532USPwCqh+3L0NHsTK48w9Gs=,T5HPEsm2hTNN7MVO6/GhbI+YyYs=
20,2,Ae532USPwCqh+3L0NHsTK48w9Gs=,jz5nCd4Su1LtRmKM8uIdNCi+UtI=
19,2,Ae532USPwCqh+3L0NHsTK48w9Gs=,grXFAQm+unBvDwasggn7QIGY1dk=
20,1,Ae532USPwCqh+3L0NHsTK48w9Gs=,b7NUtdk+AOuPDKboA0H8uAkJE2Y=
19,1,Ae532USPwCqh+3L0NHsTK48w9Gs=,Et5VvAuBQzp5R2XMhevrraKdgRQ=
19,0,Ae532USPwCqh+3L0NHsTK48w9Gs=,Et5VvAuBQzp5R2XMhevrraKdgRQ=
20,0,Ae532USPwCqh+3L0NHsTK48w9Gs=,b7NUtdk+AOuPDKboA0H8uAkJE2Y=
21,9,Ae532USPwCqh+3L0NHsTK48w9Gs=,P8OzyZuz6Lcwle3ehvHUvsb8f9Q=
21,10,Ae532USPwCqh+3L0NHsTK48w9Gs=,VGj8pvZtM/WX5uhE+b44qKJyoMM=
21,8,Ae532USPwCqh+3L0NHsTK48w9Gs=,P8OzyZuz6Lcwle3ehvHUvsb8f9Q=
21,7,Ae532USPwCqh+3L0NHsTK48w9Gs=,Nd19dEaGpG5cwTixBoXMQtRFLQ4=
21,0,Ae532USPwCqh+3L0NHsTK48w9Gs=,b7NUtdk+AOuPDKboA0H8uAkJE2Y=
21,4,Ae532USPwCqh+3L0NHsTK48w9Gs=,GFX1EHLRhbHnPm/Ra9JXx6+niac=
21,6,Ae532USPwCqh+3L0NHsTK48w9Gs=,Nd19dEaGpG5cwTixBoXMQtRFLQ4=
21,3,Ae532USPwCqh+3L0NHsTK48w9Gs=,jz5nCd4Su1LtRmKM8uIdNCi+UtI=
21,5,Ae532USPwCqh+3L0NHsTK48w9Gs=,GFX1EHLRhbHnPm/Ra9JXx6+niac=
18,2,Ae532USPwCqh+3L0NHsTK48w9Gs=,grXFAQm+unBvDwasggn7QIGY1dk=
16,0,Ae532USPwCqh+3L0NHsTK48w9Gs=,PbLOgJcHYUMExZI4LGZ6CVAd7ls=
17,2,Ae532USPwCqh+3L0NHsTK48w9Gs=,KoOu1BaOizvUReROFBebsSUEMDw=
17,0,Ae532USPwCqh+3L0NHsTK48w9Gs=,PbLOgJcHYUMExZI4LGZ6CVAd7ls=
17,1,Ae532USPwCqh+3L0NHsTK48w9Gs=,PbLOgJcHYUMExZI4LGZ6CVAd7ls=
16,1,Ae532USPwCqh+3L0NHsTK48w9Gs=,PbLOgJcHYUMExZI4LGZ6CVAd7ls=
18,1,Ae532USPwCqh+3L0NHsTK48w9Gs=,Et5VvAuBQzp5R2XMhevrraKdgRQ=
18,0,Ae532USPwCqh+3L0NHsTK48w9Gs=,Et5VvAuBQzp5R2XMhevrraKdgRQ=
16,2,Ae532USPwCqh+3L0NHsTK48w9Gs=,KoOu1BaOizvUReROFBebsSUEMDw=
16,15,Ae532USPwCqh+3L0NHsTK48w9Gs=,t2aQ0mXmkrKcCVYxJHQAmFjIhII=
21,15,Ae532USPwCqh+3L0NHsTK48w9Gs=,ARFRAJD6GdhjFJuU7TShOj3WPfc=
21,14,Ae532USPwCqh+3L0NHsTK48w9Gs=,ARFRAJD6GdhjFJuU7TShOj3WPfc=
21,13,Ae532USPwCqh+3L0NHsTK48w9Gs=,QMUxI6Mrjx37OIj7U8z91jZREKA=
21,12,Ae532USPwCqh+3L0NHsTK48w9Gs=,QMUxI6Mrjx37OIj7U8z91jZREKA=
21,11,Ae532USPwCqh+3L0NHsTK48w9Gs=,VGj8pvZtM/WX5uhE+b44qKJyoMM=
20,15,Ae532USPwCqh+3L0NHsTK48w9Gs=,ARFRAJD6GdhjFJuU7TShOj3WPfc=
20,14,Ae532USPwCqh+3L0NHsTK48w9Gs=,ARFRAJD6GdhjFJuU7TShOj3WPfc=
19,15,Ae532USPwCqh+3L0NHsTK48w9Gs=,T5HPEsm2hTNN7MVO6/GhbI+YyYs=
19,14,Ae532USPwCqh+3L0NHsTK48w9Gs=,T5HPEsm2hTNN7MVO6/GhbI+YyYs=
19,13,Ae532USPwCqh+3L0NHsTK48w9Gs=,4Wd+dYf78z2XXTEUZuU6mfQW3HM=
19,11,Ae532USPwCqh+3L0NHsTK48w9Gs=,iS33dNIg4ICfeC8PrZQGkL21zIQ=
20,11,Ae532USPwCqh+3L0NHsTK48w9Gs=,VGj8pvZtM/WX5uhE+b44qKJyoMM=
19,12,Ae532USPwCqh+3L0NHsTK48w9Gs=,4Wd+dYf78z2XXTEUZuU6mfQW3HM=
20,13,Ae532USPwCqh+3L0NHsTK48w9Gs=,QMUxI6Mrjx37OIj7U8z91jZREKA=
20,12,Ae532USPwCqh+3L0NHsTK48w9Gs=,QMUxI6Mrjx37OIj7U8z91jZREKA=
